Id,Price
0,1361770.0
1,1052465.0
2,1470040.0
3,1029245.0
4,1506416.0
5,987970.0
6,1891970.0
7,1489580.1
8,370450.0
9,1122180.1
10,781985.0
11,1409605.0
12,771600.0
13,1151800.0
14,429952.5
15,1329590.1
16,1261100.0
17,1216830.0
18,1093580.0
19,799802.5
20,1821750.0
21,971995.0
22,1097110.0
23,510980.0
24,1117705.0
25,1220115.0
26,429952.5
27,1419885.0
28,440430.0
29,1158410.0
30,1668210.0
31,1356960.0
32,1304345.0
33,469108.0
34,1154995.0
35,1194940.0
36,1049355.0
37,1055995.0
38,854355.0
39,741778.3333333331
40,741778.3333333331
41,598550.0
42,704705.0
43,650850.0
44,497300.0
45,732515.0
46,818120.0
47,853654.99
48,465505.0
49,508850.0
50,514615.0
51,909990.0
52,734705.0
53,746040.0
54,455705.0
55,815160.0
56,674670.0
57,874880.0
58,472955.0
59,754560.0
60,655135.26
61,949135.0
62,974890.0
63,858990.0
64,854775.0
65,702575.0
66,809050.0
67,594181.6666666666
68,801705.0
69,736440.0
70,794105.0
71,504610.0
72,627865.0
73,676745.0
74,945520.0
75,770030.0
76,791760.0
77,916135.0
78,1302425.0
79,1505400.0
80,2663410.0
81,1827170.0
82,1412060.0
83,1223975.0
84,1556525.0
85,2279585.0
86,1789910.0
87,1692515.0
88,1922790.0
89,1903610.0
90,1717568.0
91,1766050.0
92,2404220.0
93,2274500.0
94,1474480.0
95,1190495.0
96,1490120.0
97,2452720.0
98,1318490.0
99,1488605.0
100,2071680.0
101,1945510.0
102,2649350.0
103,2849000.0
104,694232.5
105,1942040.0
106,2054000.0
107,412990.0
108,4009550.0
109,1345870.0
110,1848170.0
111,1809078.0
112,3289120.0
113,2121672.5
114,1640340.0
115,917240.0
116,2026930.0
117,1816120.0
118,2266500.0
119,917687.0
120,2071105.0
121,1128040.0
122,1457800.0
123,1843415.0
124,3017440.0
125,536470.0
126,830650.0
127,523020.0
128,1867620.0
129,1501350.0
130,844715.0
131,1777071.666666667
132,2072830.0
133,959210.0
134,438640.0
135,692070.0
136,503080.0
137,1578950.0
138,1953225.0
139,1476380.0
140,1922870.0
141,594480.0
142,1483765.0
143,672747.0
144,1043350.0
145,900848.0
146,1743020.0
147,656990.0
148,409365.0
149,725980.0
150,697863.0
151,614978.5
152,1217725.0
153,757950.0
154,504208.0
155,1005188.0
156,427106.0
157,640280.0
158,687321.0
159,399015.5
160,455650.0
161,886989.0
162,717540.0
163,730750.0
164,688395.0
165,579512.5
166,468738.0
167,706930.0
168,678555.0
169,559250.0
170,764550.0
171,791595.0
172,1026055.0
173,634847.0
174,884775.0
175,641500.0
176,1072050.0
177,640700.0
178,755597.0
179,804350.0
180,1342890.0
181,717233.0
182,1009605.0
183,791550.0
184,947510.0
185,543829.0
186,1085315.0
187,765270.0
188,726682.6190476189
189,428688.77333333326
190,1213645.0
191,706365.0
192,651255.0
193,717925.0
194,649290.0
195,730180.0
196,883770.0
197,726682.6190476189
198,616757.5
199,767410.0
200,686030.0
201,711895.0
202,1031305.0
203,690005.0
204,817730.0
205,926290.0
206,763635.0
207,655072.0
208,726420.0
209,917645.0
210,1055230.0
211,667376.6666666667
212,693590.0
213,807125.0
214,966300.0
215,803780.0
216,914425.0
217,1097260.0
218,707150.0
219,651240.0
220,353226.0
221,590450.0
222,833680.0
223,922055.0
224,1165075.0
225,1929140.0
226,410575.0
227,1740860.0
228,721420.0
229,1742255.0
230,629120.0
231,1890740.0
232,692600.0
233,2511303.333333333
234,2932100.0
235,2011900.0
236,997810.0
237,748095.0
238,1717680.0
239,609685.0
240,1388510.0
241,304715.0
242,380005.0
243,1508526.666666667
244,580105.0
245,1289075.1
246,2912980.0
247,378545.0
248,1816670.0
249,2215510.0
250,347840.01
251,4954620.0
252,1184590.0
253,2357420.0
254,2186100.0
255,1729135.0
256,439921.04
257,515175.0
258,2262980.0
259,1329240.0
260,887040.0
261,662170.0
262,660485.0
263,1757285.0
264,346575.0
265,418280.0
266,670755.0
267,866130.8333333335
268,624737.5
269,1291500.0
270,3138810.0
271,540160.0
272,3394360.0
273,3899192.76
274,1087945.0
275,3307690.0
276,2359560.0
277,1027740.0
278,2670870.0
279,586285.0
280,516476.0
281,573908.0
282,511997.5
283,544405.0
284,995680.0
285,462935.0
286,1365840.0
287,470685.0
288,1883350.0
289,1212545.0
290,1018380.0
291,795165.0
292,2494070.0
293,812161.6666666667
294,1016040.0
295,1357150.0
296,1016960.0
297,940535.0
298,803325.0
299,970400.0
300,682235.0
301,1189480.0
302,606285.0
303,945675.0
304,812995.0
305,991525.0
306,1133530.0
307,950010.0
308,1342265.0
309,950850.0
310,523575.0
311,923810.0
312,1036845.0
313,1318215.0
314,380060.0
315,1363370.0
316,1418375.0
317,948020.0
318,1258250.0
319,1243025.0
320,445693.33333333326
321,1762235.0
322,1598742.5
323,659120.0
324,1043465.0
325,920790.0
326,1253610.0
327,1451170.0
328,1087180.0
329,1273140.0
330,1742800.0
331,855030.0
332,706891.5714285714
333,436173.33333333326
334,560830.0
335,1088755.0
336,1042550.0
337,431430.0
338,1010050.0
339,1428295.0
340,532060.0
341,627880.0
342,1269875.0
343,1204855.0
344,1114790.0
345,1040210.0
346,891050.0
347,404345.0
348,1309795.0
349,1362715.0
350,1012045.0
351,1048675.0
352,1096262.0
353,959300.0
354,824460.0
355,812955.0
356,571540.0
357,1000055.0
358,1154005.0
359,1385910.0
360,1135740.0
361,1358410.0
362,1307025.0
363,999875.0
364,1005175.0
365,1199330.0
366,662875.0
367,1789960.0
368,974410.0
369,970350.0
370,2887790.0
371,1801725.0
372,1016380.0
373,2023865.0
374,584527.5
375,1521725.0
376,1721385.0
377,1217530.0
378,1373125.0
379,3389130.0
380,2079350.0
381,1606485.0
382,1724475.0
383,1709840.0
384,1832230.0
385,1639340.0
386,1722560.0
387,1378455.0
388,3358800.0
389,1037410.0
390,907118.0
391,1519380.0
392,2903080.0
393,1576130.0
394,1875680.0
395,1858870.0
396,1482360.0
397,1399485.0
398,1360494.71
399,1417205.0
400,1723000.0
401,1937970.0
402,1617170.0
403,1875740.0
404,2213525.0
405,1679080.0
406,1527580.0
407,1668090.0
408,1053380.0
409,1325495.0
410,1132110.0
411,1311010.0
412,1124090.0
413,1503810.0
414,1194940.0
415,837220.0
416,830930.0
417,1310960.0
418,1471495.0
419,1610020.0
420,1199668.0
421,1396500.0
422,710595.0
423,1612480.0
424,1644830.0
425,1141225.0
426,1621435.0
427,628330.0
428,545770.0
429,928970.0
430,1376133.0
431,710675.0
432,1393548.0
433,1175995.0
434,1403100.0
435,842960.0
436,909420.0
437,1345170.0
438,837300.0
439,838950.0
440,674674.0
441,826268.0
442,817295.0
443,802525.0
444,1055325.0
445,759475.0
446,1254602.0
447,655890.0
448,695445.0
449,1221435.0
450,749885.0
451,681500.0
452,809945.0
453,1068260.0
454,1709870.0
455,572385.0
456,661225.0
457,740300.0
458,668100.0
459,574890.0
460,676940.0
461,824615.0
462,602300.0
463,469075.0
464,852280.0
465,842680.0
466,734785.0
467,1152060.0
468,815820.0
469,713030.0
470,569035.0
471,757855.0
472,558410.0
473,536975.0
474,762140.0
475,846210.0
476,816200.0
477,662050.0
478,798290.0
479,421980.0
480,790350.0
481,671240.0
482,777635.0
483,848760.0
484,748930.0
485,667745.0
486,660680.0
487,814640.0
488,750630.0
489,1821855.0
490,430125.0
491,310155.0
492,991060.0
493,489590.0
494,506465.0
495,447315.0
496,1187690.0
497,429210.0
498,745622.49
499,482845.0
500,1014120.0
501,1731970.0
502,523215.0
503,1104885.0
504,444140.0
505,557032.5
506,1899200.0
507,1789930.0
508,1089515.0
509,1001230.0
510,2800528.5714285714
511,2347040.0
512,2294215.0
513,3120475.0
514,777910.0
515,3754370.0
516,1034765.0
517,2460120.0
518,881110.0
519,1237395.0
520,2329465.0
521,2736950.0
522,595805.0
523,1284300.0
524,1792320.0
525,789280.0
526,802180.0
527,2230970.0
528,529120.0
529,2023740.0
530,1837590.0
531,613072.5
532,548535.0
533,426165.0
534,1058350.0
535,1911448.0
536,763180.0
537,2789830.0
538,1381130.0
539,3248720.0
540,2498890.0
541,1293250.0
542,3053130.0
543,690040.0
544,710350.0
545,2033860.0
546,2681710.0
547,2150790.0
548,524810.0
549,2323100.0
550,995250.0
551,1712750.0
552,1493780.0
553,2027430.0
554,1879430.0
555,750610.0
556,2994760.0
557,3283750.0
558,2282560.0
559,766325.0
560,2599070.0
561,3169040.0
562,2598240.0
563,1892220.0
564,2353920.0
565,702485.0
566,2394750.0
567,2785570.0
568,1295170.0
569,2202630.0
570,1931580.0
571,2772190.0
572,1762125.0
573,3707600.0
574,1178150.0
575,2800528.5714285714
576,2573940.0
577,2438680.0
578,2004020.0
579,725247.0
580,3355950.0
581,1524060.0
582,1790300.0
583,1804110.0
584,969165.0
585,1284015.0
586,1693300.0
587,3057620.0
588,1089370.0
589,1446150.0
590,1823415.0
591,3121880.0
592,1931890.0
593,2150940.0
594,2146430.0
595,1281022.0
596,1940240.0
597,1747221.666666667
598,1482020.0
599,2441610.0
600,1728690.0
601,2423250.0
602,1597877.3333333335
603,3355290.0
604,1804020.0
605,1089745.3333333335
606,1561735.0
607,1554050.0
608,1779906.0
609,1547520.0
610,1489040.0
611,2018985.0
612,1916055.0
613,1622925.0
614,1491010.0
615,2331170.0
616,1170970.0
617,3356510.0
618,1783810.0
619,2563300.0
620,1515014.0
621,1766720.0
622,1811950.0000000002
623,2717940.0
624,1371765.0
625,880065.0
626,1720980.0
627,1726200.0
628,2112323.333333333
629,1506470.0
630,1965765.0
631,1406855.0
632,1735690.0
633,1809480.0
634,1189540.0
635,1259576.0
636,2429140.0
637,1881498.0
638,1777935.0
639,1995250.0
640,1512995.0
641,2906730.0
642,1813670.0
643,2292000.0
644,2429630.0
645,3187933.333333333
646,1693950.0
647,1915590.0
648,1695600.0
649,1800340.0
650,1740590.0
651,1293530.0
652,1645208.0
653,1681975.0
654,1836220.0
655,1602490.0
656,3799750.0
657,2576790.0
658,2186000.0
659,1228025.0
660,2224240.0
661,1566780.0
662,704400.0
663,1997420.0
664,1277170.0
665,1715880.0
666,1660580.0
667,1811950.0000000002
668,1559828.0
669,719380.0
670,985835.0
671,1522680.0
672,1402630.0
673,1932340.0
674,1902100.0
675,1573768.0
676,1849160.0
677,1236981.0
678,1402790.0
679,628755.0
680,1536670.0
681,2112323.333333333
682,1566020.0
683,1549550.0
684,1089745.3333333335
685,1647480.0
686,1314910.0
687,1766145.0
688,2084480.0
689,1272305.0
690,2082390.0
691,1750130.0
692,726045.0
693,2032305.0
694,684345.0
695,1272255.0
696,923070.0
697,996590.0
698,1548280.0
699,1439510.0
700,1378880.0
701,840270.0
702,1254150.0
703,1451215.0
704,2305250.0
705,998870.0
706,971320.0
707,1261030.0
708,1370955.0
709,410985.0
710,1363910.0
711,1265150.0
712,2299880.0
713,1877515.0
714,1389345.0
715,866490.0
716,1185325.0
717,1187750.0
718,986240.0
719,1309265.0
720,1295270.0
721,1205800.0
722,1279940.0
723,885195.0
724,924445.0
725,1091820.0
726,683865.0
727,1789505.0
728,2300241.0933333333
729,1411037.5
730,529235.0
731,908532.0
732,1463850.0
733,1257270.0
734,1952450.0
735,793980.0
736,1287595.0
737,1432820.0
738,1429550.0
739,1487581.88
740,1310730.0
741,1259320.0
742,1103105.0
743,1326455.0
744,1685550.0
745,1362110.0
746,1220845.0
747,1461730.0
748,1153995.0
749,1161090.0
750,849005.0
751,724410.0
752,910940.0
753,1161970.0
754,1790140.0
755,1240220.0
756,1420680.0
757,1867133.88
758,1393990.0
759,846580.0
760,851130.0
761,1157160.0
762,1387543.47
763,907175.0
764,2601244.7619047617
765,1319480.0
766,642550.0
767,1316735.0
768,1821950.0
769,1350165.0
770,1421005.0
771,1656360.0
772,699840.0
773,696890.0
774,1318630.0
775,1353345.0
776,1863140.0
777,1477675.0
778,1381920.0
779,1053635.0
780,1433770.0
781,597710.0
782,1271760.0
783,553095.0
784,2601244.7619047617
785,753000.0
786,482955.0
787,1457030.0
788,803035.0
789,815390.0
790,807455.0
791,630165.0
792,1270615.0
793,1193580.0
794,1020430.0
795,1237970.0
796,1241730.0
797,982010.0
798,791935.0
799,1737985.0
800,496980.0
801,610175.0
802,1279200.0
803,934985.0
804,905455.0
805,1213285.0
806,1150575.0
807,1093535.0
808,1257150.0
809,1190545.0
810,1160995.0
811,1185133.47
812,1114205.0
813,1094375.0
814,459225.0
815,718200.0
816,1423175.0
817,1007385.0
818,1289742.5
819,880495.0
820,711995.0
821,947650.0
822,1226183.0
823,545795.0
824,355830.0
825,1094375.0
826,1138985.0
827,1428050.0
828,1180760.0
829,484782.7
830,1054450.0
831,909490.0
832,1348725.0
833,1207015.0
834,1107430.08
835,727430.0
836,1507330.0
837,986215.0
838,1133430.0
839,1153280.0
840,882440.0
841,877620.0
842,1232750.0
843,907610.0
844,1183540.0
845,1185660.0
846,765305.0
847,935290.0
848,1315680.0
849,1064945.0
850,764065.0
851,801870.0
852,842365.0
853,1023670.0
854,1106020.0
855,1159225.0
856,953440.0
857,1114075.0
858,1549300.0
859,935160.0
860,700792.5
861,1023750.0
862,916355.0
863,1110515.0
864,779720.0
865,1209825.0
866,1328125.0
867,1076375.0
868,771970.0
869,1738538.88
870,1173140.0
871,833735.0
872,1245893.47
873,834420.0
874,1272310.0
875,1412280.0
876,1165825.0
877,1013040.0
878,1645185.0
879,850740.0
880,1132497.5
881,1193535.0
882,907780.0
883,975855.0
884,1021390.0
885,966190.0
886,1525935.0
887,1183955.0
888,867780.0
889,1360870.0
890,1355580.0
891,1111700.0
892,1098401.57
893,788570.0
894,900580.0
895,672305.0
896,1610840.0
897,851310.0
898,1141620.0
899,1180780.0
900,1463625.0
901,994395.0
902,940010.0
903,994075.0
904,1012000.0
905,1275297.0
906,1110605.0
907,901025.0
908,1362615.0
909,1230952.5
910,499300.0
911,858295.0
912,1381851.0
913,781870.0
914,1808825.0133333334
915,1153675.0
916,406980.0
917,987260.0
918,950630.0
919,930750.0
920,1416700.0
921,1187631.0
922,1219290.0
923,956180.0
924,1427290.0
925,832945.0
926,1309475.64
927,408307.5
928,1144900.0
929,1194230.0
930,1374520.0
931,1431000.0
932,1569710.0
933,1311565.0
934,1065235.0
935,885605.0
936,804830.0
937,1059450.0
938,727905.0
939,819990.0
940,875540.0
941,1214495.0
942,837230.0
943,703055.0
944,1101700.0
945,1643458.88
946,902100.0
947,842905.0
948,1093910.0
949,1022375.0
950,722330.0
951,844830.0
952,1179885.0
953,942715.0
954,872745.0
955,1018010.0
956,881325.0
957,829315.0
958,1076603.47
959,898215.0
960,1274150.0
961,1225983.47
962,1286370.0
963,869685.0
964,1380115.0
965,715995.0
966,1162125.0
967,1406845.0
968,1275980.0
969,1663490.0
970,649454.0
971,816270.0
972,950083.0
973,1596978.0
974,1517105.0
975,1184808.0
976,1757870.0
977,451805.0
978,933860.0
979,2387290.0
980,1301920.0
981,524470.0
982,983500.0
983,1355350.0
984,769798.0
985,1543410.0
986,1509930.0
987,1599762.0
988,646425.0
989,1728574.0
990,1574585.0
991,779118.0
992,1559380.0
993,1740944.0
994,347835.0
995,2978230.0
996,932100.0
997,741206.4285714286
998,650575.0
999,1632204.0
1000,1499815.0
1001,843535.0
1002,481720.0
1003,1406870.0
1004,1614004.0
1005,1352740.0
1006,935795.0
1007,835940.0
1008,604550.0
1009,456745.0
1010,872400.0
1011,648940.0
1012,529194.0
1013,551907.0
1014,664795.0
1015,879185.0
1016,625655.0000000001
1017,646440.0
1018,883555.0
1019,631720.0
1020,627795.0
1021,885142.0
1022,733220.0
1023,688345.0
1024,684450.0
1025,788440.0
1026,625655.0000000001
1027,711135.0
1028,607710.0
1029,616655.0
1030,855575.0
1031,568410.0
1032,782770.0
1033,538495.0
1034,600580.8333333333
1035,640200.0
1036,526224.0
1037,694790.0
1038,607810.0
1039,698190.0
1040,1642740.0
1041,1694750.0
1042,1958100.0
1043,3610935.0
1044,545180.0
1045,3494160.0
1046,3721430.0
1047,1862890.0
1048,1150537.5
1049,1386880.0
1050,3908060.0
1051,2829950.0
1052,1401790.0
1053,1799758.0
1054,2063715.0
1055,2895200.0
1056,2057168.0
1057,2465881.0
1058,753380.0
1059,1793330.0
1060,1893135.0
1061,2520885.0
1062,1419625.0
1063,1651680.0
1064,2811566.64
1065,912015.0
1066,2245550.0
1067,2949790.0
1068,1635785.0
1069,1679230.0
1070,1272500.0
1071,1692355.0
1072,629470.0
1073,1032640.0
1074,1459340.0
1075,674015.0
1076,691666.6666666667
1077,2367910.0
1078,686530.0
1079,1397925.0
1080,1838255.0
1081,2090484.0
1082,2800690.0
1083,1094315.0
1084,3286883.28
1085,2895680.0
1086,1581735.0
1087,1165290.0
1088,1004855.0
1089,1680935.0
1090,1099940.0
1091,718375.0
1092,1446525.0
1093,1365665.0
1094,4194550.0
1095,1756360.0
1096,1418410.0
1097,1701145.0
1098,2420360.0
1099,1349690.0
1100,1076790.0
1101,3050980.0
1102,923425.0
1103,1787140.0
1104,3209266.16
1105,369630.0
1106,810487.5
1107,828165.0
1108,2615300.0
1109,1690150.0
1110,883465.0
1111,2455583.0
1112,2049645.0
1113,1544960.0
1114,1476820.0
1115,2343488.0
1116,1663840.0
1117,2370100.0
1118,875910.0
1119,1531015.0
1120,2249585.0
1121,2588200.0
1122,4148640.0
1123,1648110.0
1124,2475420.0
1125,2940857.76
1126,1031190.0
1127,3627725.0
1128,631935.0
1129,917015.0
1130,807750.0
1131,1432270.0
1132,1379425.0
1133,997235.0
1134,2272010.0
1135,2014560.0
1136,1167940.0
1137,2245860.0
1138,960630.0
1139,2959611.0933333333
1140,1737030.0
1141,1363940.0
1142,866870.0
1143,2546830.0
1144,996070.0
1145,615865.0
1146,2229868.88
1147,2596750.0
1148,1520250.0
1149,3094430.0
1150,2627810.0
1151,3370740.0
1152,1492780.0
1153,2358610.0
1154,1251620.0
1155,1938470.0
1156,3110350.0
1157,1286760.0
1158,1270460.0
1159,1522595.0
1160,1764930.0
1161,1962750.0
1162,1998285.0
1163,1068365.0
1164,1476235.0
1165,1229835.0
1166,2207930.0
1167,780700.0
1168,766995.0
1169,1402905.0
1170,1505750.0
1171,982395.0
1172,1565360.0
1173,2297744.4
1174,2122270.0
1175,1819570.0
1176,1151965.0
1177,1851590.0
1178,1502190.0
1179,869300.0
1180,2023115.0
1181,1495767.5
1182,1412910.0
1183,1688040.0
1184,1662305.0
1185,1523350.0
1186,745945.0
1187,1538640.0
1188,2754050.0
1189,1745270.0
1190,2698400.0
1191,1582060.0
1192,1308830.0
1193,1137700.0
1194,2355330.0
1195,1851070.0
1196,1422650.0
1197,1458830.0
1198,3302450.0
1199,927305.0
1200,1967510.0
1201,1283450.0
1202,2787810.0
1203,2510540.0
1204,1951150.0
1205,1649970.0
1206,1728450.0
1207,918185.0
1208,2018650.0
1209,2637071.0933333333
1210,848195.0
1211,1498370.0
1212,1678860.0
1213,1870160.0
1214,2072140.0
1215,1675860.0
1216,998915.0
1217,1911854.0
1218,1852200.0
1219,1820330.0
1220,1432630.0
1221,781505.0
1222,2093870.0
1223,1464355.0
1224,976530.0
1225,2021960.0
1226,1940150.0
1227,1566780.0
1228,1779040.0
1229,1877685.0
1230,2082100.0
1231,1585481.0
1232,586690.0
1233,1508395.0
1234,1216650.0
1235,370300.0
1236,1403990.0
1237,1229185.0
1238,1144430.0
1239,1455120.0
1240,624690.0
1241,1353210.0
1242,876425.0
1243,2709900.0
1244,1712680.0
1245,1763130.0
1246,1363833.0
1247,1483940.0
1248,776700.0
1249,1261300.0
1250,2334270.0
1251,1422695.0
1252,594910.0
1253,999015.0
1254,433796.6666666666
1255,1026960.0
1256,1709325.0
1257,1519320.0
1258,2229090.0
1259,1041750.0
1260,452738.28
1261,289853.3333333333
1262,736050.0
1263,424430.0
1264,970040.0
1265,1351525.0
1266,1007975.0
1267,865920.0
1268,884030.0
1269,576645.0
1270,1104815.0
1271,462645.0
1272,643950.0
1273,606532.5
1274,703930.0
1275,1389920.0
1276,1038680.0
1277,1161650.0
1278,1138020.0
1279,906090.0
1280,935170.0
1281,984270.0
1282,1013040.0
1283,731837.5666666668
1284,1074125.0
1285,632305.0
1286,922900.0
1287,1204100.0
1288,851560.0
1289,1048890.0
1290,1177110.0
1291,960990.0
1292,644315.0
1293,1039965.0
1294,1193200.0
1295,785800.0
1296,569660.0
1297,1058215.0
1298,824600.0
1299,912775.0
1300,1366305.0
1301,892185.0
1302,659930.0
1303,605866.0
1304,936760.0
1305,970560.0
1306,693630.0
1307,839060.0
1308,306273.0
1309,1742810.0
1310,1337725.0
1311,1391220.0
1312,924205.0
1313,901595.0
1314,895245.0
1315,913740.0
1316,1238520.0
1317,1045785.0
1318,961020.0
1319,1199375.0
1320,1764760.0
1321,1056950.0
1322,647145.0
1323,520265.0
1324,1194205.0
1325,1551240.0
1326,576055.0
1327,819900.0
1328,1037530.0
1329,657560.0
1330,1646805.0
1331,912650.0
1332,456272.76
1333,950190.0
1334,1626290.0
1335,2277060.0
1336,898660.0
1337,481845.55
1338,1015720.0
1339,390870.0
1340,897110.0
1341,1033935.0
1342,1291970.0
1343,562220.0
1344,693630.0
1345,1358170.0
1346,968090.0
1347,423990.0
1348,853930.0
1349,954635.0
1350,748690.0
1351,866370.0
1352,950565.0
1353,1036065.0
1354,787515.0
1355,944490.0
1356,569965.0
1357,579200.0
1358,1011910.0
1359,1418845.0
1360,765830.0
1361,890820.0
1362,361595.0
1363,1167410.0
1364,1602400.0
1365,760495.0
1366,996970.0
1367,1785900.0
1368,1208140.0
1369,722235.0
1370,298940.0
1371,1260730.0
1372,1206260.0
1373,1096355.0
1374,964852.5
1375,1364710.0
1376,1389448.88
1377,1474445.0
1378,836460.0
1379,1212735.0
1380,608540.0
1381,1322150.0
1382,381410.0
1383,833310.0
1384,796110.0
1385,1254710.0
1386,1677580.0
1387,1014330.0
1388,1239100.0
1389,1021565.0
1390,886600.0
1391,495060.0
1392,402555.0
1393,1087855.0
1394,992745.0
1395,472340.0
1396,799860.0
1397,1206985.0
1398,1103520.0
1399,280356.0
1400,985145.0
1401,1496250.0
1402,420580.0
1403,318528.3333333334
1404,932670.0
1405,407951.66666666674
1406,916930.0
1407,419367.76
1408,429082.76
1409,859105.0
1410,519640.0
1411,1024665.0
1412,1203770.0
1413,1219405.0
1414,1231505.0
1415,1202005.0
1416,951695.0
1417,1392885.0
1418,401670.0
1419,1250860.0
1420,619570.0
1421,751990.0
1422,959850.0
1423,1192895.0
1424,496070.0
1425,1014535.0
1426,403875.0
1427,599705.0
1428,396110.0
1429,310692.0
1430,1103487.0
1431,486465.0
1432,327155.0
1433,1334340.0
1434,526070.55
1435,1135080.0
1436,297286.0
1437,1029255.0
1438,1061300.0
1439,976640.0
1440,1163070.0
1441,396732.76
1442,765130.0
1443,1101435.0
1444,264940.0
1445,1658325.0
1446,873985.0
1447,397095.0
1448,470217.5
1449,860780.0
1450,1237345.0
1451,341104.66666666674
1452,1328975.0
1453,588725.0
1454,515005.0
1455,457300.0
1456,438530.0
1457,956535.0
1458,1467805.0
1459,1047765.0
1460,950460.0
1461,1352399.82
1462,1148380.0
1463,1241543.0
1464,1422380.0
1465,1271740.0
1466,1400095.0
1467,1017845.0
1468,1139260.0
1469,1189910.0
1470,1166855.0
1471,1090870.0
1472,1380315.0
1473,1275765.0
1474,1228343.0
1475,1624400.0
1476,1181690.0
1477,1404090.0
1478,1338210.0
1479,1016390.0
1480,1463355.0
1481,1481060.0
1482,1340630.0
1483,836995.0
1484,1474270.0
1485,1124220.0
1486,938140.0
1487,1364710.0
1488,1290870.0
1489,1236330.0
1490,1168958.0
1491,1510060.0
1492,1318990.0
1493,1112650.0
1494,963710.0
1495,877390.0
1496,1023555.0
1497,1259868.0
1498,1225660.0
1499,1411645.0
1500,1183190.0
1501,843870.0
1502,984260.0
1503,1350750.0
1504,1107960.0
1505,1110100.0
1506,1702605.0
1507,1411280.0
1508,1318290.0
1509,1851250.0
1510,976895.0
1511,1250590.0
1512,1230115.0
1513,1692900.0
1514,764500.0
1515,1334210.0
1516,1372245.0
1517,2072298.0
1518,782840.0
1519,1640710.0
1520,723108.0
1521,916930.0
1522,1381320.0
1523,1694946.0
1524,1445785.0
1525,733890.0
1526,1104365.0
1527,1279040.0
1528,1084210.0
1529,687490.0
1530,1180115.0
1531,1276870.0
1532,1525870.0
1533,1307310.0
1534,762840.0
1535,701835.0
1536,1473935.0
1537,785455.0
1538,2429765.0
1539,767345.0
1540,1604090.0
1541,1165900.0
1542,1485828.0
1543,709770.0
1544,1961755.0
1545,1317260.0
1546,1042070.0
1547,1285445.0
1548,1423530.0
1549,1213755.0
1550,1497725.0
1551,2120865.0
1552,1068460.0
1553,917845.0
1554,726648.0
1555,2589640.0
1556,1598650.0
1557,3024400.0
1558,880040.0
1559,725575.0
1560,2662925.0
1561,1552720.0
1562,2644370.0
1563,913600.0
1564,591318.88
1565,1937380.0
1566,740040.0
1567,1775880.0
1568,460350.0
1569,727360.0
1570,1337870.0
1571,2558405.0
1572,2517340.0
1573,2285410.0
1574,458945.0
1575,882335.0
1576,889802.0
1577,2223940.0
1578,1364730.0
1579,2067790.0
1580,1375630.0
1581,1346525.0
1582,1696775.0
1583,535318.98
1584,458945.0
1585,696580.0
1586,2487585.0
1587,727320.0
1588,2719335.0
1589,1831460.0
1590,2161540.0
1591,1023700.0
1592,1888890.0
1593,1664110.0
1594,681549.0
1595,836060.0
1596,2812230.0
1597,544075.0
1598,903350.0
1599,2138260.0
1600,1067935.0
1601,594905.0
1602,4056470.0
1603,1600000.0
1604,1540510.0
1605,1623335.0
1606,600930.0
1607,596609.0
1608,1281790.0
1609,2084920.0
1610,2153590.0
1611,2792780.0
1612,1351425.0
1613,795950.0
1614,2051455.0
1615,1580520.0
1616,1921820.0
1617,2712900.0
1618,668250.0
1619,2838500.0
1620,1174535.0
1621,956084.0
1622,2203865.0
1623,2145650.0
1624,681148.88
1625,1997405.0
1626,3032360.0
1627,755190.0
1628,3262070.0
1629,2250955.0
1630,2016550.0
1631,2739825.0
1632,2230090.0
1633,711255.0
1634,2641433.333333333
1635,2702075.0
1636,2664280.0
1637,1644745.0
1638,1628931.57
1639,966090.0
1640,796340.0
1641,2398840.0
1642,2865235.0
1643,2010330.0
1644,2542420.0
1645,1282585.0
1646,3670990.0
1647,1050750.0
1648,2627710.0
1649,2598090.0
1650,3410200.0
1651,714515.0
1652,2560045.0
1653,1708025.0
1654,1690510.0
1655,1732081.88
1656,3253700.0
1657,1512530.0
1658,3285850.0
1659,700575.0
1660,1769300.0
1661,748885.0
1662,1626870.0
1663,706250.0
1664,1637040.0
1665,1715200.0
1666,3008500.0
1667,2157960.0
1668,1524100.0
1669,889375.0
1670,1546670.0
1671,1503815.0
1672,1557132.0
1673,1544355.0
1674,1381850.0
1675,2528890.0
1676,2009090.0
1677,692911.0
1678,782990.0
1679,1215110.0
1680,2555751.57
1681,435965.0
1682,2175085.0
1683,2074100.0
1684,1178820.0
1685,2426170.0
1686,1381830.0
1687,1841190.0
1688,398135.0
1689,857995.0
1690,1797780.0
1691,987315.0
1692,1004625.0
1693,1890445.0
1694,1294505.0
1695,430900.0
1696,1250350.0
1697,568520.0
1698,586162.5
1699,783970.0
1700,797005.0
1701,553410.0
1702,1263695.0
1703,1352944.0
1704,1602475.0
1705,505230.2
1706,292120.0
1707,917989.0
1708,344000.0
1709,906255.0
1710,587220.0
1711,753635.0
1712,1552930.0
1713,742875.0
1714,529005.0
1715,310780.0
1716,348685.0
1717,407400.4
1718,964300.0
1719,1250150.0
1720,495460.0
1721,320190.0
1722,1593580.0
1723,1181260.0
1724,272330.0
1725,1044875.0
1726,587875.0
1727,744655.0
1728,593580.0
1729,1143675.0
1730,1853168.0
1731,268920.0
1732,893325.0
1733,465470.0
1734,1619220.0
1735,469420.0
1736,1616330.0
1737,741900.0
1738,767070.0
1739,1262920.0
1740,1522456.0
1741,1124340.0
1742,1134970.0
1743,340680.0
1744,826500.0
1745,1493060.0
1746,1146400.0
1747,850655.0
1748,667080.0
1749,589332.5
1750,476505.1
1751,795085.0
1752,731270.0
1753,1398180.0
1754,1132870.0
1755,1316225.0
1756,636942.5
1757,952775.0
1758,452150.0
1759,655210.0
1760,1344840.0
1761,451065.0
1762,713465.0
1763,1885730.0
1764,1831770.0
1765,924525.0
1766,353385.0
1767,1427660.0
1768,994925.0
1769,1487715.0
1770,620090.0
1771,979535.0
1772,1192930.0
1773,1208750.0
1774,624555.0
1775,1512080.0
1776,441800.26
1777,1667635.0
1778,1783220.0
1779,863583.0
1780,1191745.0
1781,446525.2
1782,2125250.0
1783,1272210.0
1784,1651538.0
1785,580520.0
1786,470476.3
1787,717765.0
1788,935795.0
1789,568640.5
1790,1286390.0
1791,1681723.88
1792,658070.0
1793,444280.1
1794,512857.5
1795,1726230.0
1796,269755.0
1797,354790.0
1798,329525.0
1799,708080.0
1800,2006110.0
1801,1614861.0
1802,379960.0
1803,572170.0
1804,761506.6666666667
1805,652980.0
1806,1147445.0
1807,1496415.0
1808,2325785.0
1809,558202.5
1810,2093790.0
1811,533985.0
1812,452820.0
1813,302440.0
1814,609140.0
1815,572085.0
1816,552045.0
1817,1457850.0
1818,2691850.0
1819,717640.0
1820,482872.5
1821,1869760.0
1822,755220.0
1823,562795.0
1824,2738915.0
1825,562625.0
1826,546305.0
1827,2387925.0
1828,1456045.0
1829,1408770.0
1830,318590.0
1831,1086895.0
1832,1399000.0
1833,890835.0
1834,827125.0
1835,1162910.0
1836,670135.0
1837,1222040.0
1838,1294505.0
1839,1122870.0
1840,1148845.0
1841,1495025.0
1842,1774785.0
1843,574785.0
1844,1989400.0
1845,910325.0
1846,1260730.0
1847,1202265.0
1848,1446500.0
1849,1405575.0
1850,1110585.0
1851,1229080.0
1852,1231690.0
1853,1499150.0
1854,1109075.0
1855,1287140.0
1856,321000.02
1857,1632200.0
1858,1987360.0
1859,620910.0
1860,806690.0
1861,1484910.0
1862,958921.57
1863,734635.0
1864,1121825.0
1865,911853.0
1866,1012820.0
1867,1000375.0
1868,1066190.0
1869,694418.0
1870,996316.57
1871,970940.0
1872,1257570.0
1873,1552845.0
1874,639602.5
1875,1363565.0
1876,1392580.0
1877,1073533.0
1878,819915.0
1879,1062695.0
1880,1442665.0
1881,919045.0
1882,1181970.0
1883,944525.0
1884,1342810.0
1885,1113170.0
1886,1103060.0
1887,1223360.0
1888,2682970.0
1889,1391325.0
1890,1349345.0
1891,1286700.0
1892,1142000.0
1893,502700.55
1894,343680.0
1895,1372310.0
1896,1519270.0
1897,1225510.0
1898,1418170.0
1899,919260.0
1900,1387210.0
1901,951245.0
1902,899425.0
1903,1580690.0
1904,802225.0
1905,900975.0
1906,537240.0
1907,1307750.0
1908,1551105.0
1909,1183140.0
1910,1353640.0
1911,675140.0
1912,781785.0
1913,855655.0
1914,837770.0
1915,1167690.0
1916,813155.0
1917,871325.0
1918,942590.0
1919,678510.0
1920,1031495.0
1921,1189755.0
1922,1353820.0
1923,525660.0
1924,1019705.0
1925,905840.0
1926,2120980.0
1927,605155.0
1928,949120.0
1929,858515.0
1930,897210.0
1931,763720.0
1932,598600.4761904762
1933,1094050.0
1934,940732.0
1935,500905.0
1936,917465.0
1937,488120.36
1938,862055.0
1939,866940.0
1940,844410.0
1941,926260.0
1942,1177895.0
1943,1107770.0
1944,607550.0
1945,1161420.0
1946,452685.0
1947,658000.0
1948,662270.0
1949,781620.0
1950,1239935.0
1951,1185665.0
1952,1976130.0
1953,1073920.0
1954,1189600.0
1955,1093880.0
1956,668290.0
1957,769740.0
1958,866915.0
1959,997785.0
1960,1632570.0
1961,1006198.88
1962,527455.0
1963,1211755.0
1964,641200.0
1965,992760.0
1966,598600.4761904762
1967,1020770.0
1968,1154760.0
1969,676285.0
1970,1038580.0
1971,1091745.0
1972,770835.0
1973,1223855.0
1974,899240.0
1975,1114860.0
1976,1343655.0
1977,478655.0
1978,1221535.0
1979,866650.0
1980,836290.0
1981,519312.76
1982,1088475.0
1983,587880.0
1984,1061010.0
1985,842260.0
1986,803620.0
1987,571525.0
1988,954855.0
1989,878335.0
1990,1474530.0
1991,1013500.0
1992,577525.0
1993,863185.0
1994,1061435.0
1995,471092.76
1996,734920.0
1997,1243260.0
1998,933280.0
1999,961970.0
2000,698135.0
2001,1003645.0
2002,854695.0
2003,1073975.0
2004,851590.0
2005,628956.6666666667
2006,1426125.0
2007,1123075.0
2008,508075.52
2009,822175.0
2010,481325.55
2011,925655.0
2012,711200.0
2013,559228.8
2014,726020.0
2015,997550.0
2016,1008485.0
2017,873810.0
2018,1003490.0
2019,1247450.0
2020,741065.0
2021,836450.0
2022,474545.0
2023,873280.0
2024,819875.0
2025,1168345.0
2026,954550.0
2027,284062.0933333333
2028,1313060.0
2029,976830.0
2030,955165.0
2031,602200.0
2032,519280.0
2033,951450.0
2034,1155435.0
2035,475010.0
2036,723935.0
2037,943260.0
2038,682637.0
2039,640865.0
2040,591750.0
2041,868765.0
2042,700575.0
2043,748415.0
2044,862525.0
2045,733850.0
2046,769591.48
2047,547795.0
2048,834575.0
2049,791355.0
2050,666910.0
2051,781085.0
2052,1092635.0
2053,825740.0
2054,867420.0
2055,972325.0
2056,893760.0
2057,747390.0
2058,767505.0
2059,751080.0
2060,775725.0
2061,531780.0
2062,757270.0
2063,798380.0
2064,677215.0
2065,945325.0
2066,842335.0
2067,867200.0
2068,1119030.0
2069,515600.0
2070,549675.0
2071,1715290.0
2072,713605.0
2073,778870.0
2074,737025.0
2075,955145.0
2076,821375.0
2077,930075.0
2078,1213270.0
2079,958750.0
2080,1249430.0
2081,1174470.0
2082,1323150.0
2083,1083320.0
2084,1114305.0
2085,970810.0
2086,450820.0
2087,430443.3333333334
2088,439680.0
2089,977920.0
2090,410410.0
2091,1420640.0
2092,1037005.0
2093,1253070.0
2094,915990.0
2095,452445.0
2096,877175.0
2097,904320.0
2098,1312620.2
2099,1147755.0
2100,1151520.0
2101,1494345.0
2102,366315.0
2103,467440.0
2104,1095225.0
2105,749080.0
2106,1426245.0
2107,849462.5
2108,445865.0
2109,718170.0
2110,1027640.0
2111,911400.0
2112,716362.9
2113,1537770.0
2114,598390.0
2115,1104042.5
2116,791730.0
2117,1238090.0
2118,489900.0
2119,994520.0
2120,1969345.0
2121,513475.0
2122,1382620.0
2123,1421160.0
2124,931653.0
2125,1405140.0
2126,1468322.0
2127,1380253.0
2128,1481908.0
2129,1145030.0
2130,720303.0
2131,1083195.0
2132,1717990.0
2133,1066275.0
2134,1056050.0
2135,920912.0
2136,1838025.0
2137,1269000.0
2138,1346563.0
2139,525155.0
2140,1512862.0
2141,2141040.0
2142,1410735.0
2143,1306898.0
2144,778489.0
2145,1727618.0
2146,1275270.0
2147,1427845.0
2148,1346075.0
2149,1279436.0
2150,748940.0
2151,1604730.0
2152,844650.0
2153,1311360.0
2154,1028380.0
2155,1219950.0
2156,773966.0
2157,1415090.0
2158,1239775.0
2159,1018402.0
2160,1276230.0
2161,1111810.0
2162,1009410.0
2163,1301235.0
2164,613985.0
2165,1489671.0
2166,1554435.0
2167,890700.0
2168,1419290.0
2169,1410590.0
2170,1378490.0
2171,1339730.0
2172,1524312.0
2173,1197135.0
2174,1689675.0
2175,1418620.0
2176,851130.0
2177,1416010.0
2178,479490.0
2179,1360955.0
2180,1048624.0
2181,1455447.0
2182,1703211.0
2183,796370.0
2184,1582926.0
2185,1174060.0
2186,1203900.0
2187,908626.0
2188,978725.0
2189,762026.0
2190,1192685.0
2191,1206490.0
2192,1414255.0
2193,1671070.0
2194,994196.0
2195,913840.0
2196,860760.0
2197,2045340.0
2198,1806755.0
2199,1737137.5
2200,526540.0
2201,1906380.0
2202,2014120.0
2203,2085210.0
2204,2316020.0
2205,668800.0
2206,1528200.0
2207,1265735.0
2208,2734680.0
2209,1133065.0
2210,1839180.0
2211,2272140.0
2212,1071585.0
2213,1662695.0
2214,951585.0
2215,1317510.0
2216,951240.0
2217,1745510.0
2218,1546720.0
2219,1281285.0
2220,768625.0
2221,567800.0
2222,567215.0
2223,1790170.0
2224,958235.0
2225,1081200.0
2226,1131920.0
2227,920005.0
2228,2447775.0
2229,924930.0
2230,1413630.0
2231,1062135.0
2232,1863230.0
2233,2220760.0
2234,809720.0
2235,713125.0
2236,1963863.0
2237,2528055.0
2238,1510780.0
2239,1946370.0
2240,939225.0
2241,2027030.0
2242,1502870.0
2243,2627660.0
2244,818865.0
2245,1163080.0
2246,1664715.0
2247,498220.0
2248,2780290.0
2249,948515.0
2250,742570.0
2251,2143420.0
2252,1635515.0
2253,487520.0
2254,613490.0
2255,489750.0
2256,1624975.0
2257,393330.0
2258,534086.6666666666
2259,595645.0
2260,1996210.0
2261,701142.5
2262,491965.0
2263,615652.7233333334
2264,345740.0
2265,1313275.0
2266,735415.0
2267,888236.0
2268,811253.3333333333
2269,714105.0
2270,1803140.0
2271,766494.98
2272,557400.0
2273,385890.0
2274,656064.95
2275,1168560.0
2276,802575.0
2277,1110030.0
2278,591205.0
2279,601099.99
2280,438015.0
2281,887630.0
2282,652245.0
2283,573751.6666666666
2284,1157770.0
2285,715470.0
2286,531305.0
2287,668760.9900000001
2288,1905080.0
2289,1170920.0
2290,846075.0
2291,931820.0
2292,3081330.0
2293,893646.6466666666
2294,937305.0
2295,641360.1228571429
2296,1741840.0
2297,659795.0
2298,586380.0
2299,754737.5
2300,662545.0
2301,1578615.0
2302,1102870.0
2303,596945.0
2304,388770.0
2305,535391.98
2306,2416440.0
2307,615200.0
2308,736020.0
2309,430448.0
2310,503315.0
2311,640567.99
2312,584235.0
2313,369899.0
2314,608554.95
2315,1630690.0
2316,380620.0
2317,337510.0
2318,622649.99
2319,1689110.0
2320,421300.0
2321,653405.0
2322,890635.9
2323,641950.0
2324,352485.0
2325,799425.49
2326,543185.0
2327,567025.0
2328,1845236.57
2329,355590.0
2330,358980.0
2331,2399405.0
2332,663537.5
2333,642779.8095238096
2334,741595.0
2335,572635.0
2336,1076385.0
2337,1808195.0
2338,671221.0
2339,1905990.0
2340,1350875.0
2341,645050.0
2342,530320.0
2343,992205.0
2344,1289385.0
2345,1802905.0
2346,623353.76
2347,875667.5
2348,1058125.0
2349,578190.0
2350,1885070.0
2351,895070.0
2352,683005.0
2353,982950.0
2354,1528290.0
2355,1376020.0
2356,1738506.666666667
2357,1326180.0
2358,1417430.0
2359,1148785.0
2360,383910.0
2361,1357095.0
2362,1248950.0
2363,2077600.0
2364,1226110.0
2365,446610.0
2366,2603170.0
2367,316534.3333333333
2368,523250.0
2369,719045.0
2370,1199520.0
2371,517300.0
2372,2476900.0
2373,1152330.0
2374,976610.0
2375,1351530.0
2376,864690.0
2377,1164210.0
2378,1873430.0
2379,884675.0
2380,1716333.3333333335
2381,454600.0
2382,1257316.6666666665
2383,1713075.0
2384,1461160.0
2385,589440.0
2386,1363310.0
2387,693635.0
2388,449458.44
2389,1012325.0
2390,1053795.0
2391,513880.0
2392,667010.0
2393,1415690.0
2394,743500.0
2395,725715.0
2396,1630061.6666666665
2397,512505.0
2398,1022735.0
2399,893880.0
2400,967130.0
2401,906045.0
2402,872920.0
2403,1784500.0
2404,306660.0
2405,1367480.0
2406,950270.0
2407,444647.50000000006
2408,903975.0
2409,924810.0
2410,1479220.0
2411,1274730.0
2412,1122590.0
2413,1849750.0
2414,318465.0
2415,634585.0
2416,975570.0
2417,681410.0
2418,1559710.0
2419,1600020.0
2420,847100.0
2421,1840075.0
2422,405260.0
2423,1727360.0
2424,1036355.0
2425,1378810.0
2426,786100.0
2427,503860.0
2428,1330310.0
2429,788960.0
2430,402700.0
2431,538265.0
2432,1151040.0
2433,1515375.0
2434,1630061.6666666665
2435,1343310.0
2436,425550.0
2437,444647.50000000006
2438,1387760.0
2439,661348.44
2440,464615.0
2441,440460.0
2442,716082.5
2443,651310.0
2444,402759.0
2445,2228620.0
2446,972730.0
2447,1485970.0
2448,1364430.0
2449,1594410.0
2450,1158100.0
2451,1084900.0
2452,1803010.0
2453,379770.0
2454,609965.0
2455,347453.33333333326
2456,1535420.0
2457,1047777.0
2458,1097320.0
2459,915850.0
2460,591688.0
2461,475530.0
2462,1858960.0
2463,1453225.0
2464,1246010.0
2465,1067215.0
2466,1195995.0
2467,1001475.0
2468,1169240.0
2469,911290.0
2470,1323900.0
2471,1401050.0
2472,1117365.0
2473,389125.0
2474,1376055.0
2475,564595.0
2476,389180.0
2477,1563420.0
2478,516825.0
2479,281765.0
2480,1343675.01
2481,434275.0
2482,1303719.99
2483,381440.0
2484,745541.6666666667
2485,1515395.0
2486,719985.0
2487,1426290.01
2488,1293660.0
2489,1205530.0
2490,1332970.0
2491,1054190.0
2492,1229845.0
2493,1309560.0
2494,527660.0
2495,594710.0
2496,843940.0
2497,444625.0
2498,594052.0
2499,476450.0
2500,721525.0
2501,1702398.0
2502,498065.0
2503,1738230.0
2504,515567.5
2505,317970.0
2506,842990.0
2507,2042862.5
2508,1329250.0
2509,2014400.0
2510,1016015.0
2511,1223940.0
2512,807850.0
2513,1107660.0
2514,552825.0
2515,1307990.0
2516,582497.5
2517,1467260.0
2518,548017.5
2519,1161300.0
2520,1395830.0
2521,1055640.0
2522,1164340.0
2523,735437.5
2524,666170.0
2525,1807615.0
2526,813440.0
2527,1321490.0
2528,1374900.0
2529,858778.3333333335
2530,3603950.0
2531,1473565.0
2532,2089265.0
2533,1285510.0
2534,1288075.0
2535,1224870.0
2536,1887075.0
2537,550704.0
2538,644155.0
2539,457865.0
2540,1685832.0
2541,1749300.0
2542,967495.0
2543,747860.0
2544,1092885.0
2545,769390.0
2546,1283930.0
2547,392035.0
2548,720785.0
2549,468300.0
2550,888555.0
2551,691325.0
2552,631072.5
2553,3623506.666666667
2554,785030.0
2555,698210.0
2556,872650.0
2557,899730.0
2558,1155960.0
2559,1500795.0
2560,1042890.0
2561,697258.3333333335
2562,1856710.0
2563,354105.0
2564,1102750.0
2565,1022660.0
2566,1070425.0
2567,1072995.0
2568,1394485.0
2569,932500.0
2570,1080730.0
2571,697258.3333333335
2572,1365840.0
2573,1608170.0
2574,1299400.0
2575,1417205.0
2576,2548530.0
2577,1070800.0
2578,1909250.0
2579,2701940.0
2580,1810040.0
2581,1287730.0
2582,1256455.0
2583,1359410.0
2584,1256170.0
2585,1229680.0
2586,1714060.0
2587,1231135.0
2588,743055.0
2589,892705.0
2590,685450.0
2591,1673988.0
2592,913185.0
2593,1126380.0
2594,1702575.0
2595,1204625.0
2596,371193.3333333334
2597,1024405.0
2598,919265.0
2599,2044170.0
2600,943075.0
2601,1690240.0
2602,1651540.0
2603,1360385.0
2604,2104605.0
2605,548411.6666666667
2606,1397840.0
2607,1372515.0
2608,1979535.0
2609,1074360.0
2610,1478650.0
2611,569725.0
2612,623705.0
2613,1268790.0
2614,1434630.0
2615,1295115.0
2616,901410.0
2617,380495.0
2618,416100.0
2619,419145.0
2620,310565.0
2621,889650.0
2622,399040.0
2623,616400.0
2624,1148875.0
2625,1155510.0
2626,953720.0
2627,901920.0
2628,840960.0
2629,443150.0
2630,854450.0
2631,931750.0
2632,1007395.0
2633,888180.0
2634,1233070.0
2635,1673665.0
2636,1048850.0
2637,380495.0
2638,494620.0
2639,300906.25000000006
2640,563260.0
2641,798485.0
2642,342020.0
2643,1131325.0
2644,934250.0
2645,1081165.0
2646,903735.0
2647,480795.0
2648,434225.0
2649,1087900.0
2650,415900.0
2651,702265.0
2652,188403.3333333333
2653,1207070.0
2654,416285.0
2655,975310.0
2656,829450.0
2657,1332595.0
2658,986045.0
2659,236155.0
2660,866925.0
2661,243360.0
2662,980330.0
2663,590960.0
2664,340260.0
2665,497835.0
2666,345150.0
2667,953185.0
2668,297210.0
2669,386620.0
2670,795300.0
2671,1081035.0
2672,1032985.0
2673,472480.0
2674,754140.0
2675,1310680.0
2676,585825.0
2677,889370.0
2678,822150.0
2679,328965.0
2680,1174570.25
2681,763770.0
2682,857685.0
2683,951450.0
2684,749945.0
2685,845375.0
2686,462225.0
2687,607860.0
2688,615655.0
2689,1341920.0
2690,1069570.0
2691,860060.0
2692,320135.0
2693,435053.44
2694,439875.0
2695,1067070.0
2696,352960.0
2697,610710.0
2698,829465.0
2699,292295.0
2700,1065830.0
2701,806625.0
2702,560950.0
2703,318176.0
2704,342681.6666666666
2705,998201.6666666667
2706,859920.0
2707,237365.0
2708,864476.6666666667
2709,395920.0
2710,762895.0
2711,726520.0
2712,735065.0
2713,780640.0
2714,872256.6666666667
2715,826630.0
2716,812370.0
2717,618015.0
2718,811930.0
2719,278630.0
2720,692302.0
2721,830350.0
2722,363285.0
2723,800830.0
2724,383924.44
2725,971375.0
2726,651040.0
2727,328105.0
2728,857270.0
2729,814890.0
2730,737825.0
2731,858640.0
2732,1207070.0
2733,315597.0
2734,871485.0
2735,877070.0
2736,450263.33333333326
2737,1025015.0
2738,745620.0
2739,1676700.0
2740,774230.0
2741,720535.0
2742,1820800.0
2743,1639635.0
2744,3182685.0
2745,3641350.0
2746,2000710.0
2747,2067610.0
2748,622700.0
2749,3002575.0
2750,1720465.0
2751,1394205.0
2752,1634230.0
2753,2102268.88
2754,1434680.0
2755,1508310.0
2756,2325755.0
2757,2349365.0
2758,2467555.0
2759,2457790.0
2760,519040.0
2761,1508310.0
2762,2101045.0
2763,2114270.0
2764,1695660.0
2765,3246840.0
2766,1797810.0
2767,1080040.0
2768,2152370.0
2769,2900050.0
2770,458900.0
2771,1290830.0
2772,1804350.0
2773,1603170.0
2774,2183150.0
2775,1253215.0
2776,2177612.76
2777,984760.0
2778,1506235.0
2779,2042960.0
2780,2479897.5
2781,601065.0
2782,1493595.0
2783,426560.0
2784,1541265.0
2785,2335450.0
2786,1847990.0
2787,305785.0
2788,714520.0
2789,2328775.0
2790,1100335.0
2791,1530740.0
2792,1849200.0
2793,1805655.0
2794,2145000.0
2795,337860.0
2796,2122335.0
2797,1847680.0
2798,1640695.0
2799,494810.0
2800,637385.0
2801,2078790.0
2802,1894235.0
2803,635790.0
2804,1328610.0
2805,1446310.0
2806,1031194.0
2807,415036.0
2808,550105.0
2809,1445460.0
2810,1298110.0
2811,1839790.0
2812,2894660.0
2813,2774730.0
2814,1877964.71
2815,327455.0
2816,1991610.0
2817,2942860.0
2818,1682915.0
2819,1740680.0
2820,1794755.0
2821,518880.0
2822,1969465.0
2823,1789175.0
2824,1934085.0
2825,2505975.0
2826,3725530.0
2827,2753895.0
2828,746195.0
2829,1737941.0
2830,620635.0
2831,734450.0
2832,1563020.0
2833,2833970.0
2834,717400.0
2835,1879960.0
2836,2090740.0
2837,1770695.0
2838,1933500.0
2839,489280.0
2840,698070.0
2841,1515810.0
2842,2445140.0
2843,1567670.0
2844,566280.0
2845,2495540.0
2846,1770770.0
2847,595610.0
2848,1613000.0
2849,1472200.0
2850,386015.0
2851,1954070.0
2852,2202950.0
2853,2522700.0
2854,2179365.0
2855,2903060.0
2856,441260.0
2857,3235015.0
2858,1536493.57
2859,1852080.0
2860,1397865.0
2861,1810211.88
2862,1859511.0
2863,1313700.0
2864,2532390.0
2865,484130.0
2866,684335.0
2867,623392.0
2868,546215.0
2869,519060.0
2870,794460.0
2871,1102520.0
2872,829680.74
2873,649798.5
2874,791505.0
2875,996095.0
2876,718480.0
2877,448765.0
2878,891775.0
2879,1037163.88
2880,522550.0
2881,600712.5
2882,746502.0
2883,719409.0
2884,597825.0
2885,627210.0
2886,487670.0
2887,416250.0
2888,723320.0
2889,560950.0
2890,548525.0
2891,715320.0
2892,591360.0
2893,699985.0
2894,791173.35
2895,709962.0
2896,813120.0
2897,813105.0
2898,302755.0
2899,481135.0
2900,793455.0
2901,392170.0
2902,602685.0
2903,477130.0
2904,660820.0
2905,446605.0
2906,413905.0
2907,730945.0
2908,661720.17
2909,573605.0
2910,713070.0
2911,618020.0
2912,737680.0
2913,492260.0
2914,623775.0
2915,483345.0
2916,640120.0
2917,788545.0
2918,497525.0
2919,502705.0
2920,606660.0
2921,423405.0
2922,604897.5
2923,745665.0
2924,672245.0
2925,445000.0
2926,647400.0
2927,552370.0
2928,474510.0
2929,631410.0
2930,1104185.0
2931,676380.0
2932,599550.0
2933,690015.0
2934,553170.0
2935,739945.0
2936,469992.5
2937,743957.76
2938,478405.0
2939,752635.0
2940,453995.0
2941,994155.0
2942,711741.05
2943,660728.3333333333
2944,704555.0
2945,437720.0
2946,587065.0
2947,470225.0
2948,535855.0
2949,701580.0
2950,740710.0
2951,352170.0
2952,807045.0
2953,683855.0
2954,669919.0
2955,511220.0
2956,495810.0
2957,507255.0
2958,468990.0
2959,788435.8333333335
2960,738365.6904761906
2961,725235.0
2962,476735.0
2963,560105.0
2964,425080.0
2965,826023.3333333335
2966,536065.0
2967,738365.6904761906
2968,647609.0
2969,702025.0
2970,627500.0
2971,637310.0
2972,920418.88
2973,791535.0
2974,795620.0
2975,654783.0
2976,776751.88
2977,494115.0
2978,739595.0
2979,497145.0
2980,741005.0
2981,632795.74
2982,714870.0
2983,770563.0
2984,927540.0
2985,725550.0
2986,721775.0
2987,707380.0
2988,646805.0
2989,528020.0
2990,757125.0
2991,777005.0
2992,695393.45
2993,592668.28
2994,540900.0
2995,562185.0
2996,648159.0
2997,742841.62
2998,644900.0
2999,648927.0
3000,448712.5
3001,840790.0
3002,741215.0
3003,807215.0
3004,690702.28
3005,670880.0
3006,484825.0
3007,1049590.0
3008,498097.5
3009,727195.0
3010,663460.15
3011,497901.7
3012,887275.0
3013,598050.0
3014,2563350.0
3015,946020.0
3016,3242720.0
3017,1992355.0
3018,1614320.0
3019,2238900.0
3020,1013865.0
3021,770987.5
3022,1752610.0
3023,1990615.0
3024,1435795.0
3025,1508895.0
3026,655990.0
3027,1720400.0
3028,741310.0
3029,660120.0
3030,1655530.0
3031,2465260.0
3032,923250.0
3033,1121825.0
3034,3106190.0
3035,1430000.0
3036,2497285.0
3037,2171975.0
3038,2806335.0
3039,1852650.0
3040,1613820.0
3041,1448505.0
3042,1684980.0
3043,2002625.0
3044,2731000.0
3045,727150.0
3046,2265885.0
3047,3032260.0
3048,1529780.0
3049,1489470.0
3050,778320.0
3051,922225.0
3052,1099615.0
3053,1477110.0
3054,966955.0
3055,1473330.0
3056,1644835.0
3057,1354240.0
3058,2494480.0
3059,2902950.0
3060,2917460.0
3061,953970.0
3062,1370720.0
3063,1481025.0
3064,2791610.0
3065,1347950.0
3066,1933450.0
3067,1616260.0
3068,744365.0
3069,1247115.0
3070,1069580.0
3071,1640205.0
3072,896580.0
3073,1679900.0
3074,2845170.0
3075,2454770.0
3076,435240.0
3077,1182280.0
3078,843225.0
3079,2909880.0
3080,684402.5
3081,474585.0
3082,765575.0
3083,1215920.0
3084,502255.0
3085,1648300.0
3086,2893400.0
3087,834895.0
3088,964810.0
3089,1780660.0
3090,1520265.0
3091,1948520.0
3092,2209585.0
3093,1922965.0
3094,2339535.0
3095,2246145.0
3096,2169495.0
3097,450775.0
3098,949240.0
3099,1273350.0
3100,1046285.0
3101,1010710.0
3102,1029460.0
3103,797210.0
3104,1090390.0
3105,547900.0
3106,1463410.0
3107,1034950.0
3108,1217910.0
3109,1351172.5
3110,1416400.0
3111,1170100.0
3112,924150.0
3113,1803830.0
3114,3909330.0
3115,2511320.0
3116,1478467.5
3117,366465.0
3118,359200.0
3119,1119250.0
3120,642820.0
3121,564880.0
3122,615680.0
3123,461390.0
3124,828525.0
3125,741915.0
3126,1253860.1
3127,1974590.0
3128,556545.0
3129,737837.5
3130,366180.0
3131,1461640.0
3132,1125250.0
3133,567796.6666666666
3134,490495.0
3135,549520.0
3136,361920.0
3137,506020.0
3138,366920.02
3139,604378.88
3140,1531350.0
3141,1326440.0
3142,709000.0
3143,348205.0
3144,456250.0
3145,1083680.0
3146,2319780.0
3147,1735095.0
3148,2262780.0
3149,555265.0
3150,643645.0
3151,2429965.0
3152,466068.0
3153,1488685.0
3154,415785.0
3155,1931590.0
3156,373340.0
3157,650100.0
3158,1535615.0
3159,1708080.0
3160,550290.0
3161,466190.0
3162,696735.0
3163,3172670.0
3164,530140.0
3165,339445.0
3166,1739145.0
3167,397328.3333333334
3168,1625905.0
3169,3940040.0
3170,578675.26
3171,563480.0
3172,1928290.0
3173,4387280.0
3174,3030440.0
3175,558535.0
3176,708540.0
3177,1616050.0
3178,1953070.0
3179,864825.0
3180,1652945.0
3181,585150.0
3182,632215.0
3183,785682.5
3184,1950520.0
3185,521740.0
3186,667807.5
3187,644566.64
3188,4666750.0
3189,436850.0
3190,704772.5
3191,1276820.0
3192,538195.0
3193,512560.0
3194,334760.0
3195,1998930.0
3196,715035.0
3197,1768155.0
3198,1574650.0
3199,607955.0
3200,965610.0
3201,1451850.0
3202,413865.0
3203,670615.0
3204,1498580.0
3205,608956.38
3206,2231465.0
3207,729285.0
3208,655720.0
3209,682145.0
3210,2311780.0
3211,1749970.0
3212,1048605.0
3213,2319790.0
3214,393025.0
3215,473885.0
3216,580520.0
3217,3768650.0
3218,1504650.0
3219,384825.0
3220,691925.8333333335
3221,756000.0
3222,444025.0
3223,347325.0
3224,2640560.0
3225,506945.0
3226,2198455.0
3227,788480.0
3228,722003.0
3229,1140042.5
3230,746540.0
3231,749780.0
3232,654225.0
3233,598650.0
3234,1768405.0
3235,886372.5
3236,1088980.0
3237,789405.0
3238,713560.0
3239,811650.0
3240,796860.0
3241,646975.0
3242,703855.0
3243,711197.5
3244,583395.0
3245,855178.5
3246,1052100.0
3247,668865.0
3248,501537.5
3249,681920.0
3250,1033558.3333333335
3251,678175.0
3252,695805.0
3253,746942.0
3254,599905.0
3255,892650.0
3256,960960.0
3257,1004855.0
3258,674815.0
3259,472685.0
3260,977165.0
3261,814320.0
3262,564815.0
3263,1104830.0
3264,925330.0
3265,470048.0
3266,527570.0
3267,597620.0
3268,578190.0
3269,576090.0
3270,604600.0
3271,887455.0
3272,529740.0
3273,697971.0
3274,990797.5
3275,667322.5
3276,815550.0
3277,708220.0
3278,588985.0
3279,723320.0
3280,873770.0
3281,418285.0
3282,494455.0
3283,435515.0
3284,532835.0
3285,768966.0
3286,706350.0
3287,587805.0
3288,585830.0
3289,568175.0
3290,742890.0
3291,813365.0
3292,687955.0
3293,580045.0
3294,802305.0
3295,498825.0
3296,616860.0
3297,685850.0
3298,641030.0
3299,418215.0
3300,487760.0
3301,878480.0
3302,706880.0
3303,733650.0
3304,733250.0
3305,684344.0
3306,547465.0
3307,838615.0
3308,584250.0
3309,675520.0
3310,1145445.0
3311,704597.5
3312,704900.0
3313,645960.0
3314,624415.0
3315,964650.0
3316,691990.0
3317,685930.0
3318,678250.0
3319,504395.0
3320,457818.0
3321,1072470.0
3322,598162.5
3323,493160.0
3324,741165.0
3325,1324770.0
3326,500695.1
3327,1312335.0
3328,883675.0
3329,1292221.0
3330,847775.0
3331,1092790.0
3332,626490.0
3333,2184555.0
3334,1708250.0
3335,1634670.0
3336,452630.3
3337,399765.0
3338,1271930.0
3339,1016112.0
3340,1169355.0
3341,1382275.0
3342,472250.0
3343,504875.0
3344,660520.0
3345,1220200.0
3346,1284475.0
3347,984155.0
3348,1421915.0
3349,800235.0
3350,484100.0
3351,449325.0
3352,436325.0
3353,1635745.0
3354,2192060.0
3355,1639180.0
3356,453407.5
3357,2091150.0
3358,927520.0
3359,1395300.0
3360,2403710.0
3361,943210.0
3362,474562.5
3363,718854.0
3364,1266720.0
3365,859670.0
3366,1308240.0
3367,1538470.0
3368,936010.0
3369,1671020.0
3370,787230.0
3371,1389230.0
3372,941205.0
3373,712788.0
3374,509700.0
3375,409950.0
3376,1029925.0
3377,1164440.0
3378,1579950.0
3379,605900.0
3380,469212.5
3381,1162835.0
3382,550590.0
3383,686185.0
3384,698578.0
3385,1499665.0
3386,1489070.0
3387,1509730.0
3388,416310.0
3389,813995.0
3390,463270.0
3391,1843960.0
3392,1818155.0
3393,741359.0
3394,1872980.0
3395,1806100.0
3396,2658950.0
3397,503750.0
3398,1017955.0
3399,470530.0
3400,1181170.0
3401,1443570.0
3402,1101610.0
3403,800930.0
3404,1219255.0
3405,788006.0
3406,1728685.0
3407,1255425.0
3408,710570.0
3409,1552293.88
3410,446685.0
3411,2058130.0
3412,1781993.88
3413,772620.0
3414,1465785.0
3415,660965.0
3416,2499060.0
3417,735480.0
3418,694945.0
3419,372775.0
3420,694350.0
3421,536455.0
3422,415270.0
3423,579220.0
3424,542311.0
3425,1173840.0
3426,580662.0
3427,547625.0
3428,488190.0
3429,817480.0
3430,526880.0
3431,607220.0
3432,381245.0
3433,453112.0
3434,742820.0
3435,649770.0
3436,730814.0
3437,534072.0
3438,632425.0
3439,865833.3333333335
3440,920720.0
3441,736885.0
3442,695365.0
3443,862135.0
3444,841770.0
3445,769670.0
3446,873770.0
3447,762190.0
3448,742594.0
3449,707404.0
3450,825850.0
3451,645714.0
3452,934180.0
3453,888655.0
3454,637770.0
3455,897950.0
3456,965700.0
3457,1048930.0
3458,648505.0
3459,806270.0
3460,689092.0
3461,939653.0
3462,998935.0
3463,527440.0
3464,1362660.0
3465,874155.0
3466,517630.0
3467,1152530.0
3468,521767.0
3469,444380.0
3470,646260.0
3471,1112774.0
3472,743200.0
3473,625625.0
3474,883020.0
3475,800830.0
3476,663177.0
3477,874400.0
3478,783500.0
3479,875930.0
3480,811760.0
3481,720400.0
3482,832000.0
3483,483076.66666666674
3484,741660.0
3485,781980.0
3486,609911.0
3487,845510.0
3488,633227.0
3489,896290.0
3490,705990.0
3491,746791.0
3492,737230.0
3493,832690.0
3494,670624.0
3495,641310.0
3496,711950.0
3497,705270.0
3498,665750.0
3499,910702.0
3500,850945.0
3501,886270.0
3502,716460.0
3503,723005.0
3504,901957.0
3505,700800.0
3506,929990.0
3507,889385.0
3508,1045330.0
3509,842310.0
3510,1355575.0
3511,655250.0
3512,893585.0
3513,490450.0
3514,412255.0
3515,682430.0
3516,1100060.0
3517,1286990.0
3518,419944.1666666666
3519,1001905.0
3520,1227670.0
3521,1026530.0
3522,779395.0
3523,1742990.0
3524,943862.0
3525,964420.0
3526,1022645.0
3527,1033615.0
3528,873485.0
3529,1163140.0
3530,1809273.3333333335
3531,372610.0
3532,1368100.0
3533,377860.0
3534,683447.5
3535,476630.0
3536,724235.0
3537,528645.0
3538,681830.0
3539,382090.0
3540,1011520.0
3541,1087655.0
3542,694005.78
3543,859120.0
3544,841580.0
3545,993325.0
3546,1107310.0
3547,897910.0
3548,1809273.3333333335
3549,440470.0
3550,809080.0
3551,1225010.0
3552,995430.0
3553,1101645.0
3554,625940.0
3555,852140.0
3556,540640.0
3557,965925.0
3558,1420515.0
3559,740435.0
3560,345952.5
3561,1148130.0
3562,527125.0
3563,419944.1666666666
3564,1288860.0
3565,887690.0
3566,1296475.0
3567,844250.0
3568,988060.0
3569,704505.0
3570,690117.2
3571,462155.0
3572,427596.0
3573,1106270.0
3574,515510.0
3575,878815.0
3576,842960.0
3577,853545.0
3578,496235.0
3579,1522485.0
3580,3624110.0
3581,741355.0
3582,615165.0
3583,3656790.0
3584,1552535.0
3585,696445.0
3586,1832920.0
3587,610735.0
3588,1505925.0
3589,610690.0
3590,1171390.0
3591,750355.0
3592,2097840.0
3593,643470.0
3594,649740.0
3595,756347.5
3596,2252990.0
3597,3489450.0
3598,1375835.0
3599,640800.0
3600,1993270.0
3601,1782653.333333333
3602,3053410.0
3603,2468515.0
3604,2420670.0
3605,1797375.0
3606,1464405.0
3607,807640.0
3608,2398570.0
3609,799680.0
3610,1629025.0
3611,2304730.0
3612,943175.0
3613,1729685.0
3614,4479980.0
3615,2508180.0
3616,5653350.0
3617,623335.0
3618,600290.0
3619,1933000.0
3620,473255.0
3621,641675.0
3622,2268600.0
3623,1637840.0
3624,610210.0
3625,731550.0
3626,1476570.0
3627,1081083.3333333333
3628,631860.0
3629,2766460.0
3630,1706900.0
3631,828760.0
3632,2047770.0
3633,1329370.0
3634,1854240.0
3635,2496365.0
3636,1568080.0
3637,2586110.0
3638,2605895.0
3639,2458795.0
3640,2380760.0
3641,2137575.0
3642,2581565.0
3643,2389815.0
3644,1296445.0
3645,1375080.0
3646,832655.0
3647,1567298.3333333335
3648,3165890.0
3649,578300.0
3650,2693670.0
3651,628100.0
3652,1465225.0
3653,1179905.0
3654,2517690.0
3655,2807590.0
3656,2715700.0
3657,2446510.0
3658,610735.0
3659,995255.0
3660,712825.0
3661,1572955.0
3662,911720.0
3663,2193286.25
3664,1606738.333333333
3665,613853.3333333334
3666,2094130.0
3667,1659080.0
3668,1901910.0
3669,1000480.0
3670,1338875.0
3671,1487335.0
3672,2758400.0
3673,2513280.0
3674,2194650.0
3675,3132465.0
3676,849795.0
3677,3449170.0
3678,1457700.0
3679,882235.0
3680,745505.0
3681,2700830.0
3682,2745675.0
3683,1332280.0
3684,1757650.0
3685,2764400.0
3686,404240.0
3687,2603560.0
3688,2270450.0
3689,609275.0
3690,1758600.0
3691,2018040.0
3692,601060.0
3693,1870360.0
3694,1825990.0
3695,2084520.0
3696,1693055.0
3697,1860480.0
3698,1382430.0
3699,1965910.0
3700,2352620.0
3701,1375350.0
3702,1801630.0
3703,2965075.0
3704,2226058.3333333335
3705,910640.0
3706,2103010.0
3707,1683070.0
3708,1459665.0
3709,1728985.0
3710,1375350.0
3711,1492205.0
3712,1818260.0
3713,1330915.0
3714,1135998.3333333335
3715,732205.0
3716,631815.0
3717,748975.0
3718,907406.0
3719,316030.55
3720,691040.0
3721,656700.0
3722,1101260.0
3723,938685.0
3724,701968.0
3725,853940.0
3726,527885.0
3727,549095.0
3728,743125.0
3729,710355.0
3730,498700.0
3731,738015.0
3732,1111060.0
3733,638200.0
3734,996425.0
3735,606953.3333333334
3736,856785.0
3737,356100.0
3738,884595.0
3739,792110.0
3740,670340.0
3741,650360.0
3742,711805.0
3743,582850.0
3744,668940.0
3745,937320.0
3746,364570.0
3747,614700.0
3748,762125.0
3749,878235.0
3750,362016.0
3751,593300.0
3752,701205.0
3753,1302515.0
3754,931485.0
3755,537725.0
3756,729965.0
3757,749720.0
3758,826100.0
3759,427400.0
3760,861610.0
3761,1086615.0
3762,789310.0
3763,746405.0
3764,525190.0
3765,654730.0
3766,835470.0
3767,738795.0
3768,863705.0
3769,596775.0
3770,847737.0
3771,894505.0
3772,596905.0
3773,1115844.9999999998
3774,2043750.0
3775,2227030.0
3776,3239965.0
3777,2452990.0
3778,585990.0
3779,1989935.0
3780,1858140.0
3781,1846075.0
3782,608330.0
3783,593990.0
3784,1448005.0
3785,3565033.333333333
3786,1393620.0
3787,702065.0
3788,4340370.0
3789,2347460.0
3790,572665.0
3791,1545625.0
3792,495820.0
3793,1263371.6666666665
3794,2625390.0
3795,709256.6666666667
3796,3476255.0
3797,2196100.0
3798,3649188.88
3799,908300.0
3800,1304120.0
3801,4007280.0
3802,669685.0
3803,1796280.0
3804,2026950.0
3805,2185520.0
3806,3046020.0
3807,695205.0
3808,2268790.0
3809,1846040.0
3810,400115.0
3811,1193015.0
3812,709256.6666666667
3813,682710.0
3814,1136040.0
3815,579315.0
3816,406205.0
3817,2182655.0
3818,1500260.0
3819,1230055.0
3820,1504320.0
3821,1757200.0
3822,1070090.0
3823,2467000.0
3824,2167521.0
3825,1096735.0
3826,1587390.0
3827,2134745.0
3828,2391295.0
3829,1315991.0
3830,501995.0
3831,2247110.0
3832,2118490.0
3833,812110.0
3834,2204300.0
3835,1391915.0
3836,1948460.0
3837,1192510.0
3838,1216355.0
3839,1562780.0
3840,1529705.0
3841,1458241.0
3842,722172.0
3843,2066760.0
3844,996730.0
3845,1925000.0
3846,953975.0
3847,3844765.0
3848,404300.0
3849,1570335.0
3850,2101350.0
3851,2688200.0
3852,2115950.0
3853,1709735.71
3854,2293261.57
3855,415645.0
3856,1122245.0
3857,1511556.0
3858,2093100.0
3859,1856880.0
3860,1664732.57
3861,1112160.0
3862,1307813.14
3863,1090315.0
3864,1496220.0
3865,1723725.0
3866,1326675.0
3867,754760.0
3868,832280.0
3869,1835605.0
3870,1778515.0
3871,800825.0
3872,488955.0
3873,1348180.0
3874,1583860.0
3875,1557521.88
3876,2787390.0
3877,1936490.0
3878,1359970.0
3879,1750400.0
3880,306300.0
3881,1269680.0
3882,351320.0
3883,1488960.0
3884,523750.0
3885,1838495.0
3886,2679363.88
3887,1014620.0
3888,333070.0
3889,1317080.0
3890,1030810.0
3891,509750.0
3892,1287455.0
3893,1063780.0
3894,450080.0
3895,1664170.0
3896,1368236.57
3897,1776700.0
3898,1619060.0
3899,983260.0
3900,1635896.0
3901,2370380.0
3902,530920.0
3903,709700.0
3904,869665.0
3905,615390.0
3906,1012030.0
3907,579505.0
3908,588840.0
3909,393005.0
3910,568720.0
3911,508860.0
3912,402795.0
3913,1013511.0
3914,1257922.5
3915,801785.0
3916,540495.0
3917,728495.0
3918,1011870.0
3919,402488.33333333326
3920,1018747.0
3921,973935.0
3922,1495160.0
3923,1198102.0
3924,699990.0
3925,1011052.0
3926,463465.0
3927,1032900.0
3928,806600.0
3929,429225.0
3930,1192741.6666666667
3931,1264060.0
3932,479250.0
3933,475560.0
3934,580346.0
3935,852305.0
3936,498690.0
3937,1090360.0
3938,614390.0
3939,413860.0
3940,2073810.0
3941,447718.3333333334
3942,534460.0
3943,781255.0
3944,666535.0
3945,520961.0
3946,443391.66666666674
3947,1137115.0
3948,478177.5
3949,1461470.0
3950,951680.0
3951,686915.0
3952,424987.1428571429
3953,1110440.0
3954,424987.1428571429
3955,1258975.0
3956,1276830.0
3957,1130950.0
3958,391160.0
3959,1108270.0
3960,916145.0
3961,973745.0
3962,1307680.0
3963,997240.0
3964,827630.0
3965,872010.0
3966,959520.0
3967,1158910.0
3968,1442930.0
3969,1210500.0
3970,522180.0
3971,1093645.0
3972,1002385.0
3973,905905.0
3974,949575.0
3975,367043.44
3976,413780.0
3977,971733.0
3978,751885.0
3979,598180.0
3980,461100.0
3981,424081.34
3982,639990.0
3983,459195.0
3984,593475.0
3985,669705.0
3986,542920.0
3987,448170.0
3988,430590.0
3989,412000.0
3990,318520.0
3991,825960.0
3992,387755.0
3993,645955.0
3994,598670.0
3995,650180.0
3996,547880.0
3997,745660.0
3998,632170.0
3999,534345.0
4000,512750.0
4001,447570.0
4002,726860.0
4003,685770.0
4004,1422193.0
4005,751215.0
4006,439633.05
4007,464110.0
4008,2513920.0
4009,2329310.0
4010,2746390.0
4011,653075.0
4012,402891.0
4013,1540840.0
4014,1214560.0
4015,1369232.5
4016,624110.0
4017,2415000.0
4018,1985370.0
4019,662425.0
4020,2655771.0
4021,1084300.0
4022,1739210.0
4023,2442623.333333333
4024,1698000.0
4025,1632925.0
4026,1954550.0
4027,1296090.0
4028,2584960.0
4029,724855.0
4030,2447390.0
4031,1782880.0
4032,1402620.0
4033,828040.0
4034,2455515.0
4035,2402280.0
4036,2141200.0
4037,681920.0
4038,1275573.0
4039,527505.0
4040,2197364.0
4041,1931685.0
4042,1792810.0
4043,735445.0
4044,3844560.0
4045,616800.0
4046,1138863.3333333333
4047,1522220.0
4048,534820.0
4049,687250.0
4050,1628455.0
4051,1102960.0
4052,391595.0
4053,1687690.0
4054,2216925.0
4055,1713320.0
4056,1533650.0
4057,1222565.0
4058,1426420.0
4059,1007010.0
4060,1404591.0
4061,1543710.0
4062,1180435.0
4063,1182570.0
4064,795660.0
4065,954500.0
4066,1519405.0
4067,1455385.0
4068,846590.0
4069,461275.0
4070,2533060.0
4071,630665.0
4072,542332.5
4073,1223785.0
4074,1995515.0
4075,1479220.0
4076,1614235.0
4077,1181215.0
4078,1151480.0
4079,1317445.0
4080,953630.0
4081,359685.0
4082,877270.0
4083,1157885.0
4084,1564855.0
4085,1377915.0
4086,610840.0
4087,1164902.0
4088,347725.0
4089,1201842.0
4090,1373200.0
4091,979780.0
4092,672830.0
4093,1021665.0
4094,891330.0
4095,1254785.0
4096,1898725.0
4097,931040.0
4098,2406560.0
4099,1321590.0
4100,1411440.0
4101,1360865.0
4102,1688730.0
4103,905227.0
4104,939215.0
4105,1779950.0
4106,1395955.0
4107,672045.0
4108,404560.0
4109,1024285.0
4110,1056855.0
4111,505690.0
4112,1376824.0
4113,1406685.0
4114,923220.0
4115,1424675.0
4116,273755.0
4117,912535.0
4118,1413675.0
4119,1400040.0
4120,356330.0
4121,830005.0
4122,1326180.0
4123,886730.0
4124,821135.0
4125,1761160.0
4126,379520.0
4127,737532.0
4128,639960.0
4129,1435490.0
4130,944685.0
4131,285090.0
4132,939560.0
4133,1702615.0
4134,1449460.0
4135,727160.0
4136,456145.0
4137,1060620.0
4138,826385.0
4139,740290.0
4140,969745.0
4141,895405.0
4142,1182700.0
4143,947160.0
4144,865020.0
4145,1462475.0
4146,348015.0
4147,793900.0
4148,1221625.0
4149,1139052.5
4150,1016610.0
4151,435475.0
4152,1148685.0
4153,1149840.0
4154,1017665.0
4155,980670.0
4156,1375852.5
4157,1056730.0
4158,1151405.0
4159,916460.0
4160,1229440.0
4161,801290.0
4162,930775.0
4163,1077280.04
4164,736185.0
4165,1266830.0
4166,1017190.0
4167,961590.0
4168,1440355.0
4169,1127770.0
4170,938545.0
4171,1486410.0
4172,816710.0
4173,1005582.5
4174,1445990.0
4175,984652.5
4176,1158010.0
4177,613970.0
4178,575300.0
4179,1020960.0
4180,794685.0
4181,1077400.0
4182,1053500.0
4183,845930.0
4184,1093985.0
4185,954050.0
4186,968375.0
4187,1173370.0
4188,1226360.0
4189,1189665.0
4190,776760.0
4191,1107193.47
4192,1025207.5
4193,1188680.0
4194,920650.0
4195,832560.0
4196,272360.0
4197,1145500.0
4198,1146725.0
4199,818478.0
4200,871939.6666666667
4201,982435.0
4202,787970.0
4203,760535.7142857143
4204,829265.0
4205,946920.0
4206,1111041.6666666667
4207,684067.6666666665
4208,1141940.0
4209,1247340.0
4210,891810.0
4211,335726.66666666674
4212,1592410.0
4213,1618880.0
4214,1066425.0
4215,1338990.0
4216,1235630.0
4217,775305.0
4218,902440.0
4219,948995.0
4220,1259040.0
4221,927370.0
4222,946875.0
4223,743308.3333333335
4224,1239550.0
4225,1017635.0
4226,479241.0
4227,922530.0
4228,887147.5
4229,857040.0
4230,831620.0
4231,1013080.0
4232,913545.0
4233,1096310.0
4234,971480.0
4235,1444977.0
4236,921953.0
4237,1004965.0
4238,1072545.0
4239,807750.0
4240,739154.0
4241,1098575.0
4242,740213.7142857143
4243,848955.0
4244,464291.0
4245,928520.0
4246,1255780.0
4247,1008545.0
4248,1006995.0
4249,2740370.0
4250,1156790.0
4251,1622370.0
4252,1213360.0
4253,1275415.0
4254,817760.0
4255,1186260.0
4256,818177.6666666667
4257,1184345.0
4258,1006905.0
4259,888120.0
4260,709484.0
4261,949065.0
4262,3082820.0
4263,875610.0
4264,717812.5
4265,874475.0
4266,731091.0
4267,1059490.0
4268,923223.3333333333
4269,893200.0
4270,896475.0
4271,865891.6666666665
4272,1194425.0
4273,1126225.0
4274,1814500.0
4275,1047910.0
4276,1166380.0
4277,996340.0
4278,692475.0
4279,986395.0
4280,1280142.0
4281,816555.0
4282,999550.0
4283,740210.0
4284,780785.0
4285,1084760.0
4286,919420.0
4287,913800.0
4288,790830.0
4289,1104260.0
4290,1176130.0
4291,1165740.0
4292,1026016.6666666665
4293,461910.0
4294,648817.0
4295,798956.0
4296,929550.0
4297,1341570.0
4298,851850.0
4299,621485.0
4300,573170.0
4301,827070.0
4302,1013140.0
4303,965326.0
4304,665780.0
4305,799560.0
4306,882115.0
4307,1066495.0
4308,679070.0
4309,954940.0
4310,842760.0
4311,889355.0
4312,1130800.0
4313,934360.0
4314,1411190.0
4315,1034349.98
4316,1035510.0
4317,788460.0
4318,725270.0
4319,765610.0
4320,1182870.0
4321,1047415.0
4322,957740.0
4323,1027060.0
4324,790340.0
4325,521755.0
4326,1105570.0
4327,1073550.0
4328,1247075.0
4329,1182995.0
4330,772530.0
4331,1142890.0
4332,1145590.0
4333,667875.0
4334,1008615.0
4335,786500.0
4336,3218660.0
4337,1787440.0
4338,469770.0
4339,540245.91
4340,345504.5
4341,625888.67
4342,1254840.0
4343,1081065.0
4344,772595.8
4345,561577.5
4346,608050.0
4347,699430.0
4348,419945.0
4349,549002.25
4350,501680.0
4351,480780.0
4352,497550.0
4353,671875.0
4354,1437355.0
4355,720495.0
4356,794325.0
4357,1269145.0
4358,400660.0
4359,1238530.0
4360,484136.65
4361,1489620.0
4362,1027615.0
4363,517600.0
4364,622005.0
4365,473870.0
4366,1426805.0
4367,596495.0
4368,1142460.0
4369,1029030.0
4370,1066435.0
4371,603250.0
4372,525560.0
4373,1240695.0
4374,624590.0
4375,549896.65
4376,796595.0
4377,712160.9
4378,540571.3
4379,347220.0
4380,341095.0
4381,1185105.0
4382,623082.5
4383,887750.0
4384,1110580.0
4385,947680.0
4386,592220.04
4387,1205750.0
4388,1219990.0
4389,1324070.0
4390,608075.0
4391,1726230.0
4392,1364110.0
4393,1010370.0
4394,1765420.0
4395,631845.0
4396,1289050.0
4397,1614075.0
4398,1534850.0
4399,2136300.0
4400,604515.0
4401,747607.5
4402,926650.0
4403,689165.0
4404,1797630.0
4405,1401530.0
4406,969910.0
4407,1612210.0
4408,1956260.0
4409,1131850.0
4410,1274350.0
4411,626460.0
4412,1074490.0
4413,417620.0
4414,784934.0
4415,1169670.0
4416,575690.0
4417,2161655.0
4418,385355.0
4419,975980.0
4420,1376150.0
4421,1343280.0
4422,1439320.0
4423,1078485.0
4424,965630.0
4425,871075.0
4426,1902840.0
4427,1218990.0
4428,881315.0
4429,2075510.0
4430,1210360.0
4431,328360.0
4432,333000.0
4433,930830.0
4434,2593350.0
4435,1162570.1
4436,1029680.0
4437,1149150.0
4438,987145.0
4439,2027450.0
4440,479640.0
4441,1780400.0
4442,851430.0
4443,1093825.0
4444,1246690.0
4445,845440.0
4446,1782915.0
4447,1648700.0
4448,1017730.0
4449,1347385.0
4450,860145.0
4451,703507.5
4452,370910.0
4453,1230124.0
4454,679009.0
4455,1113539.0
4456,2028980.0
4457,1146320.0
4458,786440.0
4459,1670430.0
4460,1343420.0
4461,388395.0
4462,1387760.0
4463,1248580.0
4464,1049010.0
4465,1057320.0
4466,470820.0
4467,1676110.0
4468,1030830.0
4469,1111970.0
4470,1049940.0
4471,385220.0
4472,1276765.0
4473,2113205.0
4474,1178850.0
4475,3579745.0
4476,1425490.0
4477,807310.0
4478,1171630.0
4479,1849930.0
4480,1091580.0
4481,852975.0
4482,673440.0
4483,993820.0
4484,1371690.0
4485,1093360.0
4486,1761350.0
4487,1944440.0
4488,1520510.0
4489,391145.0
4490,1438030.0
4491,1818745.0
4492,1754805.0
4493,1925735.0
4494,1279425.0
4495,580789.02
4496,1479700.0
4497,1362810.0
4498,1284940.0
4499,337080.0
4500,1355915.0
4501,2294980.0
4502,1442795.0
4503,836830.0
4504,1626040.0
4505,1078490.0
4506,3712440.0
4507,1479750.0
4508,1627820.0
4509,2157120.0
4510,913745.0
4511,623708.35
4512,671400.0
4513,884154.99
4514,1241514.4
4515,473302.5
4516,912209.02
4517,743685.0
4518,991493.34
4519,515972.5
4520,480375.0
4521,745503.32
4522,905666.38
4523,757335.0
4524,1118340.0
4525,766945.0
4526,865110.0
4527,510985.0
4528,632600.0
4529,770955.0
4530,923215.0
4531,862695.0
4532,755660.0
4533,550995.0
4534,912963.87
4535,1005229.99
4536,474575.0
4537,821775.0
4538,558730.0
4539,889249.8
4540,973093.8533333333
4541,625055.0
4542,754110.0
4543,1007531.0
4544,940150.0
4545,863710.0
4546,860248.47
4547,851940.0
4548,975966.0
4549,899610.0
4550,963133.47
4551,803540.0
4552,686975.0
4553,980416.0
4554,1076870.0
4555,990775.0
4556,1228450.0
4557,951504.73
4558,918685.0
4559,1894935.0
4560,802150.0
4561,836938.47
4562,790555.0
4563,1027979.0
4564,1403685.0
4565,788395.0
4566,1263035.0
4567,864125.0
4568,663355.0
4569,1054140.0
4570,1116760.0
4571,942410.0
4572,1141742.35
4573,722125.0
4574,1321327.0
4575,1276410.0
4576,1655180.0
4577,331107.00000000006
4578,421150.0
4579,331107.00000000006
4580,2091175.0
4581,432027.0833333334
4582,1814280.0
4583,1188030.0
4584,400212.0833333334
4585,2154235.0
4586,1673480.0
4587,733004.4714285714
4588,1927999.0
4589,478520.0
4590,2121590.0
4591,464200.0
4592,1322470.0
4593,1153820.0
4594,1052360.0
4595,485458.3333333334
4596,730062.5
4597,920648.3333333333
4598,734192.0
4599,902628.88
4600,968049.99
4601,777530.0
4602,779035.0
4603,593790.0
4604,1501990.0
4605,966880.0
4606,761420.0
4607,1226726.64
4608,744035.0
4609,557245.0
4610,579910.0
4611,493940.0
4612,725950.0
4613,522510.0
4614,776720.0
4615,386795.0
4616,478295.0
4617,545495.0
4618,588585.0
4619,1195050.0
4620,747810.0
4621,521230.0
4622,1261560.0
4623,542125.0
4624,798630.0
4625,959806.66
4626,497005.0
4627,800013.33
4628,752400.0
4629,1019520.0
4630,980315.0
4631,902628.88
4632,893500.0
4633,811860.0
4634,901183.35
4635,857715.0
4636,837845.0
4637,830835.0
4638,638070.0
4639,533940.0
4640,487875.0
4641,507392.5
4642,899330.0
4643,700564.2
4644,693495.0
4645,610225.0
4646,753220.0
4647,853780.0
4648,963810.01
4649,991660.0
4650,606945.0
4651,907800.0
4652,658190.0
4653,502705.0
4654,747865.0
4655,860750.74
4656,970585.0
4657,626865.0
4658,763510.3666666666
4659,465745.0
4660,1326090.0
4661,806235.0
4662,567020.0
4663,846992.5
4664,769850.0
4665,545955.0
4666,587865.0
4667,1050070.0
4668,574885.0
4669,720840.0
4670,453105.0
4671,642492.0
4672,613351.6666666666
4673,805280.0
4674,966800.0
4675,977903.88
4676,828200.74
4677,743595.0
4678,872132.5
4679,701113.88
4680,779210.0
4681,887380.0
4682,737575.0
4683,606540.0
4684,759940.0
4685,751093.35
4686,989680.0
4687,1293695.0
4688,500270.0
4689,655565.0
4690,280221.99999999994
4691,970245.0
4692,961991.38
4693,701200.0
4694,790260.0
4695,993410.0
4696,402160.0
4697,534315.0
4698,808100.0
4699,689690.0
4700,1174450.0
4701,1102875.0
4702,2027210.0
4703,1171690.0
4704,1277500.0
4705,1197650.0
4706,1222266.4166666665
4707,2246870.0
4708,2032900.0
4709,521215.0
4710,1262750.0
4711,778430.0
4712,1927960.0
4713,1520900.0
4714,1140660.0
4715,1457080.0
4716,752075.0
4717,1261720.0
4718,603660.0
4719,1495180.0
4720,497655.0
4721,817375.0
4722,603335.0
4723,1620240.0
4724,1281590.0
4725,1437245.0
4726,760341.2500000001
4727,742725.0
4728,1179305.0
4729,984945.0
4730,1786637.5
4731,430400.0
4732,703925.0
4733,1950130.0
4734,556110.0
4735,664325.0
4736,1057630.0
4737,1412260.0
4738,1717800.0
4739,1116366.25
4740,1116366.25
4741,1098350.0
4742,1360750.0
4743,1102520.0
4744,865055.0
4745,764720.0
4746,1058795.0
4747,1106475.0
4748,523190.0
4749,1638150.0
4750,967895.0
4751,760341.2500000001
4752,990185.0
4753,2277970.0
4754,1565010.0
4755,1669790.0
4756,1340910.0
4757,1632980.0
4758,1548075.0
4759,1083120.0
4760,1081655.0
4761,968555.0
4762,760341.2500000001
4763,1416700.0
4764,1318450.0
4765,690245.0
4766,461610.0
4767,2256800.0
4768,1154290.0
4769,1305250.0
4770,803223.3333333335
4771,1198505.0
4772,524410.0
4773,1116366.25
4774,469165.0
4775,590565.94
4776,638190.0
4777,1164600.0
4778,986071.0
4779,967975.0
4780,802470.0
4781,905775.0
4782,472380.0
4783,1353935.0
4784,1475365.0
4785,1566020.0
4786,542870.0
4787,997990.0
4788,1374410.0
4789,1987295.0
4790,541645.0
4791,3188945.0
4792,1209680.0
4793,1007275.0
4794,1336630.0
4795,1902750.0
4796,782450.0
4797,433105.0
4798,827995.0
4799,452445.0
4800,2215960.0
4801,1372470.0
4802,1204520.0
4803,1523910.0
4804,663480.0
4805,336502.0
4806,954745.0
4807,748860.0
4808,502503.0
4809,508050.0
4810,495865.0
4811,1315360.0
4812,1351810.0
4813,788080.0
4814,933300.0
4815,351900.0
4816,1399033.0
4817,365592.0
4818,1253750.0
4819,801035.0
4820,1135940.0
4821,1334945.0
4822,1211550.0
4823,470035.0
4824,1750980.0
4825,1149800.0
4826,1339350.0
4827,612985.0
4828,1015600.0
4829,1778410.0
4830,1479300.0
4831,836685.0
4832,1096350.0
4833,1256696.0
4834,775085.0
4835,543015.0
4836,1082625.0
4837,1166790.0
4838,602920.0
4839,1657960.0
4840,698100.0
4841,1485455.0
4842,1442110.0
4843,867861.6666666667
4844,576645.0
4845,517850.0
4846,1270015.0
4847,1461050.0
4848,566750.0
4849,1185205.0
4850,861015.0
4851,888840.0
4852,961220.0
4853,1344410.0
4854,1377610.0
4855,1870395.0
4856,1277925.0
4857,571010.0
4858,1158210.0
4859,1702835.0
4860,1228960.0
4861,1495255.1
4862,2239010.0
4863,717000.0
4864,1964840.0
4865,1239760.0
4866,1379520.0
4867,2079230.0
4868,830571.6666666667
4869,1759070.0
4870,1098975.0
4871,1315750.0
4872,304325.0
4873,1454450.0
4874,1557960.0
4875,1380020.0
4876,1191920.0
4877,812495.0
4878,1012800.0
4879,930295.0
4880,1016300.0
4881,930835.0
4882,1224228.3333333335
4883,797085.0
4884,799020.0
4885,831740.0
4886,694432.5
4887,1224228.3333333335
4888,1014635.0
4889,1034365.0
4890,714765.0
4891,765335.0
4892,835188.0
4893,937480.0
4894,901420.0
4895,525840.0
4896,917977.5
4897,895945.0
4898,810070.0
4899,828100.0
4900,611655.0
4901,561115.0
4902,1139050.0
4903,964985.0
4904,748590.0
4905,688802.5
4906,830720.0
4907,750750.0
4908,582992.5
4909,958010.0
4910,832728.0
4911,1002205.0
4912,830365.0
4913,623475.0
4914,940821.01
4915,325370.0
4916,1035635.0
4917,645295.0
4918,858049.0
4919,911550.0
4920,900475.0
4921,1016660.0
4922,1407087.0
4923,992125.0
4924,501650.0
4925,678110.0
4926,934730.0
4927,596302.5
4928,901495.0
4929,996725.0
4930,731820.0
4931,924220.0
4932,1115145.0
4933,616830.0
4934,639380.0
4935,532375.0
4936,784462.5
4937,1035410.0
4938,1153330.0
4939,759350.0
4940,882030.0
4941,1329470.0
4942,763365.0
4943,973410.0
4944,512570.0
4945,899615.0
4946,752920.0
4947,934440.0
4948,932130.0
4949,860705.0
4950,814834.0
4951,1008285.0
4952,917971.6666666667
4953,994457.5
4954,972475.0
4955,966224.0
4956,1127995.0
4957,1055715.0
4958,1347150.0
4959,654420.0
4960,467087.08
4961,854455.0
4962,912650.0
4963,930950.0
4964,774297.5
4965,818665.0
4966,1046035.0
4967,585409.0
4968,690395.0
4969,744225.0
4970,1199320.0
4971,829825.0
4972,1053993.0
4973,811470.0
4974,1017105.0
4975,691200.0
4976,1254220.0
4977,780195.0
4978,976020.0
4979,842028.0
4980,1107550.0
4981,831836.6666666665
4982,903625.0
4983,1035729.0
4984,1102700.0
4985,721775.0
4986,315608.3333333333
4987,915450.0
4988,1098090.0
4989,1024990.0
4990,991405.0
4991,477160.0
4992,503370.0
4993,991465.0
4994,507760.0
4995,606080.0
4996,900217.5
4997,875450.0
4998,1011890.0
4999,930185.0
5000,687050.0
5001,775750.0
5002,798395.0
5003,873800.0
5004,928105.0
5005,918050.0
5006,1123160.0
5007,894530.0
5008,946375.0
5009,1197950.0
5010,978320.0
5011,846530.0
5012,891675.0
5013,874775.0
5014,1101640.0
5015,920050.0
5016,845935.0
5017,1065131.6666666665
5018,1440850.0
5019,777525.0
5020,603430.0
5021,1172227.5
5022,1077923.32
5023,965220.0
5024,920105.0
5025,873795.0
5026,865525.0
5027,785775.0
5028,834934.99
5029,467230.0
5030,435775.0
5031,836543.0
5032,366540.0
5033,711700.0
5034,340200.0
5035,772610.0
5036,592000.0
5037,659425.0
5038,1005725.01
5039,478455.0
5040,801049.0
5041,796905.0
5042,683495.0
5043,1021660.0
5044,890605.0
5045,820640.0
5046,532142.5
5047,918785.0
5048,820845.0
5049,576375.0
5050,677500.0
5051,540720.0
5052,422207.5
5053,439190.0
5054,636922.5
5055,786640.0
5056,317330.0
5057,694465.0
5058,624005.0
5059,398770.0
5060,439535.0
5061,827055.0
5062,962722.0
5063,1037455.0
5064,502235.0
5065,424375.0
5066,455295.0
5067,379880.0
5068,345545.0
5069,905085.0
5070,575672.5
5071,1004240.0
5072,861020.0
5073,387480.0
5074,476640.0
5075,794320.0
5076,393195.0
5077,646344.0
5078,557190.0
5079,604660.0
5080,579080.0
5081,436580.0
5082,655700.0
5083,413945.0
5084,637015.0
5085,867890.0
5086,525743.3333333333
5087,823535.0
5088,462147.5
5089,741093.33
5090,461485.0
5091,705000.0
5092,820215.0
5093,400330.0
5094,685874.0
5095,487945.0
5096,447730.0
5097,845080.0
5098,788300.0
5099,498295.0
5100,671520.0
5101,546702.5
5102,384410.0
5103,586817.5
5104,643190.0
5105,845660.01
5106,732070.0
5107,418295.0
5108,372040.0
5109,786020.0
5110,460000.0
5111,715575.0
5112,873725.0
5113,523336.6666666666
5114,980490.0
5115,616640.0
5116,504855.0
5117,357360.0
5118,478890.0
5119,332430.0
5120,627045.0
5121,409625.0
5122,439355.0
5123,604850.0
5124,438510.0
5125,1427906.0
5126,606420.0
5127,834130.0
5128,373910.0
5129,673460.0
5130,453460.0
5131,897000.0
5132,678667.5
5133,831805.0
5134,706015.0
5135,764290.0
5136,436580.0
5137,708595.0
5138,749210.0
5139,373650.0
5140,330550.0
5141,666620.0
5142,574685.0
5143,893178.88
5144,414775.0
5145,684285.0
5146,567240.0
5147,689815.0
5148,848050.0
5149,832185.0
5150,385275.0
5151,568070.0
5152,635295.0
5153,829350.0
5154,816584.0
5155,695280.0
5156,1112358.0
5157,1065770.0
5158,513635.0
5159,813750.0
5160,1344180.0
5161,664685.0
5162,880570.0
5163,499105.0
5164,457285.0
5165,720050.0
5166,419170.0
5167,777685.0
5168,645420.0
5169,769490.0
5170,442005.0
5171,839725.0
5172,513040.0
5173,904042.0
5174,369645.0
5175,745530.0
5176,791032.5
5177,880785.0
5178,527855.0
5179,744900.0
5180,867980.0
5181,466680.0
5182,904895.0
5183,486480.0
5184,847539.0
5185,320220.0
5186,332430.0
5187,760475.0
5188,944345.0
5189,518585.0
5190,450390.0
5191,787371.6666666665
5192,717209.0
5193,825975.0
5194,687560.0
5195,574313.3333333334
5196,516115.0
5197,516017.5
5198,752355.0
5199,955050.0
5200,778775.0
5201,868395.0
5202,901885.0
5203,762285.0
5204,804900.0
5205,227060.00000000003
5206,227060.00000000003
5207,854975.0
5208,371590.0
5209,494672.5
5210,403245.0
5211,760695.0
5212,785380.0
5213,451195.0
5214,578110.0
5215,648525.0
5216,895070.0
5217,916555.0
5218,313800.0
5219,432550.0
5220,885610.0
5221,296230.0
5222,841950.0
5223,902670.01
5224,800415.0
5225,559335.0
5226,458280.0
5227,440350.0
5228,820610.0
5229,684571.9
5230,781815.0
5231,835250.0
5232,783250.0
5233,1142636.0
5234,660580.0
5235,999410.0
5236,764800.0
5237,829940.0
5238,887035.0
5239,780545.0
5240,1144620.0
5241,706020.0
5242,412020.0
5243,445055.0
5244,910106.25
5245,730600.0
5246,804145.0
5247,750415.0
5248,759760.0
5249,601967.5
5250,447005.0
5251,789530.0
5252,702960.0
5253,722944.5
5254,726705.0
5255,391260.0
5256,996015.0
5257,1277500.0
5258,1759620.0
5259,800007.9166666665
5260,745917.5
5261,595030.0
5262,452735.03
5263,1485095.0
5264,2238575.0
5265,475445.0
5266,2933750.0
5267,885482.5
5268,1389095.0
5269,415285.0
5270,426730.0
5271,595715.0
5272,3161230.0
5273,491855.0
5274,1035015.0
5275,633997.5
5276,1124770.0
5277,578092.5
5278,650872.5
5279,1174205.0
5280,1059400.0
5281,1129350.0
5282,544260.0
5283,1174245.0
5284,1446470.0
5285,1558950.0
5286,1574985.1
5287,1424450.0
5288,1297045.0
5289,412970.0
5290,344360.0
5291,1428770.0
5292,1555755.0
5293,474212.0
5294,804755.0
5295,379909.0
5296,365070.0
5297,1394910.0
5298,1186200.0
5299,1101107.8571428573
5300,387270.0
5301,432975.0
5302,652350.0
5303,498250.0
5304,894605.0
5305,960305.0
5306,344275.0
5307,582303.3333333334
5308,929175.0
5309,1207125.0
5310,952545.0
5311,1190450.0
5312,1191040.0
5313,1090870.0
5314,1134310.0
5315,1282660.0
5316,479570.0
5317,1238140.0
5318,1353760.0
5319,1224060.0
5320,1191040.0
5321,1314565.0
5322,1460490.0
5323,426380.0
5324,978240.0
5325,596055.0
5326,914752.5
5327,1223140.0
5328,906610.0
5329,1125490.0
5330,835220.0
5331,628190.0
5332,1724915.0
5333,1411785.0
5334,371555.0
5335,2703566.666666666
5336,1374830.0
5337,370040.0
5338,580780.0
5339,1041930.0
5340,824075.0
5341,1770310.0
5342,946620.0
5343,723000.0
5344,1222880.0
5345,914160.0
5346,2832660.0
5347,647435.0
5348,975915.0
5349,1063045.0
5350,417355.0
5351,1286030.0
5352,1202885.2
5353,954220.0
5354,1595980.0
5355,1477675.0
5356,1090750.0
5357,1718440.0
5358,1123950.1
5359,1558445.0
5360,447590.0
5361,1332575.0
5362,990580.0
5363,1764045.0
5364,995845.0
5365,2371930.0
5366,844205.0
5367,1682310.0
5368,1459575.0
5369,1487810.0
5370,1125160.0
5371,889065.0
5372,1046000.0
5373,1220220.0
5374,827060.0
5375,1295210.0
5376,1090745.0
5377,1952950.0
5378,649660.0
5379,658910.0
5380,1040991.38
5381,398135.0
5382,1298045.0
5383,1101107.8571428573
5384,771395.0
5385,617075.0
5386,1695755.0
5387,1011695.0
5388,333080.0
5389,1282360.0
5390,1227865.0
5391,993840.0
5392,1030660.0
5393,667765.0
5394,1187410.0
5395,482060.0
5396,1818445.0
5397,1812735.0
5398,1363180.0
5399,1627920.0
5400,1082260.0
5401,1159825.0
5402,1085980.0
5403,1902090.0
5404,839880.0
5405,1541145.0
5406,1173125.0
5407,1611700.0
5408,1320566.0
5409,1430000.0
5410,1545420.0
5411,680645.0
5412,1851500.0
5413,1132805.0
5414,1541120.0
5415,1412650.0
5416,443480.0
5417,643580.0
5418,1390420.0
5419,1414700.0
5420,377735.0
5421,774965.0
5422,813830.0
5423,1465910.0
5424,1438510.0
5425,435796.0714285714
5426,1118320.0
5427,1383700.0
5428,1996170.0
5429,397630.0
5430,1240340.0
5431,965070.0
5432,1497232.5
5433,594430.0
5434,1296260.0
5435,839380.0
5436,892772.5
5437,1253090.0
5438,1280122.5
5439,1070645.0
5440,1480220.0
5441,1100900.0
5442,848545.0
5443,1055765.0
5444,592825.0
5445,1098011.0
5446,1057315.0
5447,569705.0
5448,736325.0
5449,781065.0
5450,1106320.0
5451,2284510.0
5452,740975.0
5453,630970.0
5454,710455.0
5455,818575.0
5456,923220.0
5457,653890.0
5458,918200.0
5459,1262270.0
5460,481249.0
5461,816100.0
5462,953487.5
5463,1004070.0
5464,640700.0
5465,513845.0
5466,1551430.0
5467,1116610.0
5468,1239417.5
5469,640305.0
5470,756881.0
5471,979350.0
5472,762735.0
5473,919930.0
5474,614280.0
5475,1671430.0
5476,646700.0
5477,922290.0
5478,442402.5
5479,1120505.0
5480,703230.0
5481,886412.0
5482,893720.0
5483,1120560.0
5484,936260.0
5485,1363726.666666667
5486,445740.0
5487,1236530.0
5488,1068590.0
5489,1038888.75
5490,1363726.666666667
5491,1259645.0
5492,1043605.0
5493,732064.0
5494,834665.0
5495,969470.0
5496,896786.6666666665
5497,1314195.0
5498,979730.0
5499,1006560.0
5500,978956.8333333333
5501,769530.0
5502,904880.0
5503,807285.0
5504,954885.0
5505,1035710.0
5506,1104560.0
5507,989745.0
5508,1334195.0
5509,900825.0
5510,898650.0
5511,1495110.0
5512,254581.6666666667
5513,487681.0
5514,1143815.0
5515,1048346.0
5516,382618.44
5517,1026730.0
5518,885773.3333333335
5519,966140.0
5520,993615.0
5521,1232940.0
5522,1227525.0
5523,835258.3333333335
5524,785256.6666666665
5525,618760.0
5526,1481460.0
5527,997760.0
5528,1774660.0
5529,927190.0
5530,1247565.0
5531,1364730.0
5532,2440035.0
5533,1476910.0
5534,672495.3333333335
5535,700965.0
5536,2296185.0
5537,1171490.0
5538,1805090.0
5539,626280.0
5540,487270.0
5541,1513050.0
5542,923370.0
5543,2166210.0
5544,984880.0
5545,642215.0
5546,1289210.0
5547,644255.0
5548,379742.0
5549,1966750.0
5550,1318497.1428571427
5551,1830195.0
5552,1063575.0
5553,1225245.0
5554,1442180.0
5555,2011940.0
5556,959232.5
5557,594670.0
5558,1834060.0
5559,1285820.0
5560,1811558.0
5561,1052450.0
5562,1462150.0
5563,1100075.0
5564,1419490.0
5565,2063760.0
5566,477315.01
5567,1285170.0
5568,2321770.0
5569,1632830.0
5570,366540.0
5571,825230.0
5572,1920460.0
5573,2328002.5
5574,708070.0
5575,756069.1666666667
5576,446175.9147619048
5577,711430.0
5578,841809.7619047619
5579,466600.0
5580,568500.0
5581,834755.0
5582,1217000.0
5583,880677.5
5584,346325.01
5585,1893870.0
5586,417659.0
5587,1588650.0
5588,424215.0
5589,535795.0
5590,834310.0
5591,694600.0
5592,897264.9642857141
5593,978960.0
5594,695560.0
5595,932224.1666666665
5596,412230.0
5597,1019738.0
5598,667965.0
5599,782115.0
5600,610055.0
5601,509729.54761904763
5602,1561590.0
5603,457488.0
5604,841809.7619047619
5605,631315.0
5606,410485.0
5607,385210.0
5608,1178780.0
5609,509729.54761904763
5610,1985580.0
5611,659685.0
5612,732035.0
5613,841809.7619047619
5614,1435250.0
5615,1169010.0
5616,408390.0
5617,373210.0
5618,1257080.0
5619,1260355.0
5620,1410980.0
5621,701810.0
5622,1771885.0
5623,468758.33333333326
5624,784195.0
5625,387980.0
5626,630225.0
5627,456865.0
5628,1400520.0
5629,1016590.0
5630,595265.0
5631,4834970.0
5632,2340988.0952380956
5633,469863.0
5634,2545730.0
5635,2564288.3333333335
5636,788470.0
5637,493370.0
5638,384725.0
5639,341393.0
5640,1006510.0
5641,636752.5
5642,1118466.0
5643,442998.0
5644,343560.0
5645,547550.0
5646,592820.0
5647,400840.0
5648,1625460.0
5649,578660.0
5650,1116096.7857142857
5651,754915.0
5652,641893.0
5653,626040.0
5654,801850.0
5655,2158050.0
5656,2586910.0
5657,429030.0
5658,566915.0
5659,969630.0
5660,655405.0
5661,612725.0
5662,1713480.0
5663,1399555.0
5664,487363.0
5665,2542600.0
5666,2290445.0
5667,343560.0
5668,2130580.0
5669,970565.0
5670,398800.0
5671,1602310.0
5672,569565.0
5673,530150.6666666666
5674,544760.0
5675,707750.0
5676,2159483.333333333
5677,1896510.0
5678,1026610.0
5679,368660.0
5680,1135615.0
5681,572120.0
5682,329355.0
5683,1156235.0
5684,417293.0
5685,1149850.0
5686,829907.3333333335
5687,1400200.0
5688,756005.0
5689,652470.0
5690,1895210.0
5691,363590.0
5692,649010.0
5693,578920.0
5694,897264.9642857141
5695,509729.54761904763
5696,1197120.0
5697,484120.0
5698,667715.0
5699,503840.0
5700,653635.0
5701,2619690.0
5702,2232415.0
5703,1688730.0
5704,1246906.0
5705,2340988.0952380956
5706,419160.0
5707,314810.6666666667
5708,1229245.0
5709,1449870.0
5710,743970.0
5711,835800.0
5712,1531766.0
5713,1561590.0
5714,527530.0
5715,378073.0
5716,602740.0
5717,744440.0
5718,406605.0
5719,850225.0
5720,591300.0
5721,569317.5
5722,769797.5
5723,1139535.0
5724,613690.0
5725,611615.0
5726,644340.0
5727,525085.0
5728,484430.0
5729,590991.6666666667
5730,1171500.0
5731,1271385.0
5732,505970.0
5733,447830.0
5734,444330.0
5735,817090.0
5736,768920.0
5737,600065.0
5738,965650.0
5739,637740.0
5740,598830.0
5741,680720.0
5742,733890.0
5743,616885.0
5744,397640.0
5745,875750.0
5746,1060573.3333333335
5747,936710.0
5748,911655.0
5749,873165.0
5750,1072260.0
5751,1170450.0
5752,989674.0
5753,883615.0
5754,912290.0
5755,860270.0
5756,1005410.0
5757,1385035.0
5758,1034913.3333333335
5759,1154152.0
5760,817840.0
5761,1002345.0
5762,817300.0
5763,1080150.0
5764,883615.0
5765,537132.99
5766,400848.0
5767,465460.0
5768,595545.0
5769,606551.0
5770,573425.0
5771,515710.0
5772,2013670.0
5773,514220.0
5774,548150.0
5775,1930370.0
5776,2011150.0
5777,2179060.0
5778,1599170.0
5779,2309790.0
5780,2021125.0
5781,474435.0
5782,838400.0
5783,403345.0
5784,521656.66666666674
5785,778840.0
5786,911205.0
5787,732910.0
5788,417128.0
5789,454469.66666666657
5790,420910.0
5791,1441010.0
5792,520415.0
5793,527504.7916666667
5794,490225.0
5795,412731.66666666674
5796,527504.7916666667
5797,587900.0
5798,2535610.0
5799,520080.0
5800,414448.3333333334
5801,4954280.0
5802,406980.0
5803,1637465.0
5804,454503.0
5805,470705.0
5806,487638.0
5807,567659.375
5808,684070.0
5809,451825.0
5810,441630.0
5811,405000.0
5812,2133410.0
5813,627970.0
5814,526230.0
5815,529645.0
5816,355613.0
5817,584370.0
5818,581587.99
5819,436025.0
5820,1236445.0
5821,1035990.0
5822,387930.0
5823,587955.0
5824,669340.0
5825,384105.0
5826,387801.0
5827,1481460.0
5828,476440.0
5829,1172525.0
5830,427150.0
5831,589618.0
5832,915535.0
5833,406085.0
5834,923740.0
5835,1272955.0
5836,607664.99
5837,762555.0
5838,461986.0
5839,910600.0
5840,694725.0
5841,484090.0
5842,412980.0
5843,588150.0
5844,688217.0
5845,569090.0
5846,567829.0
5847,4276720.0
5848,617475.0
5849,421598.0
5850,1190770.0
5851,471055.0
5852,546205.0
5853,550955.0
5854,1186645.0
5855,575075.0
5856,428890.0
5857,515155.0
5858,513455.0
5859,934750.0
5860,1421550.0
5861,1334350.0
5862,798560.0
5863,1313455.1
5864,2150730.0
5865,510319.99
5866,1667180.0
5867,442995.0
5868,712537.5
5869,3902710.0
5870,740720.0
5871,803530.0
5872,454469.66666666657
5873,721635.0
5874,663440.0
5875,462040.0
5876,1266490.0
5877,1016691.25
5878,1178025.0
5879,421155.0
5880,469865.0
5881,662765.0
5882,355445.0
5883,631825.0
5884,460933.33333333326
5885,964075.0
5886,1039375.54
5887,1021579.99
5888,1277280.0
5889,1124000.01
5890,1422630.0
5891,1254661.0
5892,1400700.0
5893,1152390.0
5894,1482300.0
5895,1208010.0
5896,1539000.0
5897,1157013.88
5898,840710.0
5899,1085080.07
5900,937405.0
5901,1446500.0
5902,1043200.0
5903,655175.0
5904,1499580.0
5905,1022365.0
5906,1190850.0
5907,1530080.0
5908,957965.0
5909,1669270.0
5910,2301910.0
5911,630917.5
5912,1148720.0
5913,527160.0
5914,1076260.01
5915,998725.02
5916,1291430.0
5917,993770.0
5918,910658.7995238097
5919,1257190.0
5920,1368980.0
5921,743350.0
5922,910658.7995238097
5923,1201330.0
5924,316995.0
5925,824280.0
5926,914305.0
5927,594010.0
5928,678202.5
5929,731285.0
5930,979210.0
5931,767490.0
5932,719800.0
5933,1161716.0
5934,742755.0
5935,550292.5
5936,767191.0
5937,874540.0
5938,700980.0
5939,1157220.0
5940,489402.0
5941,732370.0
5942,608490.0
5943,506660.0
5944,552905.0
5945,930796.6666666667
5946,680910.0
5947,612504.99
5948,505335.0
5949,887044.0
5950,673810.0
5951,432810.0
5952,731615.0
5953,802555.0
5954,778815.0
5955,937119.9999999999
5956,417955.0
5957,715430.0
5958,579084.0
5959,725885.0
5960,621459.99
5961,587931.0
5962,649259.38
5963,576290.0
5964,618275.0
5965,718206.0
5966,665970.0
5967,697580.0
5968,590970.0
5969,657535.0
5970,598190.0
5971,729375.0
5972,710142.0
5973,815693.0
5974,662110.0
5975,805480.0
5976,652010.0
5977,613060.0
5978,606685.0
5979,849920.0
5980,452045.0
5981,842280.0
5982,579400.0
5983,688615.0
5984,603375.0
5985,805573.3333333335
5986,655090.0
5987,702505.0
5988,720410.0
5989,841185.0
5990,895020.0
5991,602765.0
5992,645160.0
5993,523390.0
5994,859319.0
5995,764580.0
5996,695800.0
5997,459295.9
5998,696630.0
5999,608842.0
6000,690555.0
6001,717410.0
6002,749410.0
6003,453310.0
6004,935768.0
6005,634815.0
6006,716474.0
6007,680428.0
6008,605025.0
6009,526910.0
6010,650935.0
6011,507045.0
6012,454020.0
6013,641640.0
6014,626443.0
6015,608037.5
6016,660056.0
6017,642430.0
6018,574660.0
6019,350866.66666666674
6020,646411.0
6021,685478.0
6022,692600.0
6023,641540.0
6024,816390.0
6025,750478.0
6026,645289.99
6027,630780.0
6028,731398.0
6029,777538.0
6030,587770.0
6031,670073.0
6032,756250.0
6033,735875.0
6034,786372.0
6035,658488.0
6036,487325.0
6037,647763.0
6038,580465.0
6039,694080.0
6040,716926.0
6041,653462.0
6042,1019640.0
6043,623990.0
6044,703300.0
6045,691298.0
6046,706454.0
6047,520930.0
6048,620741.0
6049,527830.0
6050,1040960.0
6051,667891.0
6052,854145.0
6053,571260.0
6054,512940.0
6055,555135.0
6056,611885.0
6057,486530.0
6058,585795.0
6059,678986.0
6060,711050.0
6061,675340.0
6062,624690.0
6063,547260.0
6064,656710.0
6065,537645.0
6066,642304.0
6067,666370.0
6068,651935.0
6069,542815.0
6070,571580.0
6071,652655.0
6072,524150.0
6073,771800.0
6074,535935.0
6075,569555.0
6076,656603.0
6077,580334.99
6078,620410.0
6079,574660.0
6080,670955.0
6081,614855.0
6082,666945.0
6083,519350.0
6084,613490.0
6085,613390.0
6086,258786.6666666667
6087,589915.0
6088,612789.99
6089,586680.0
6090,624700.0
6091,378750.0
6092,677080.0
6093,753189.92
6094,640375.0
6095,579145.0
6096,512135.0
6097,605935.0
6098,390777.0
6099,770672.0
6100,512005.0
6101,680560.0
6102,556030.0
6103,504360.0
6104,521538.0
6105,718828.0
6106,556925.0
6107,715050.0
6108,518790.0
6109,2307505.0
6110,1128033.0
6111,2344880.0
6112,2090580.0
6113,2150660.0
6114,1256247.0
6115,1289870.0
6116,977040.0
6117,604215.0
6118,706610.0
6119,1997045.0
6120,1906470.0
6121,2479040.0
6122,1863775.0
6123,967570.0
6124,2293250.0
6125,788930.0
6126,767015.0
6127,2184118.0
6128,2674750.0
6129,1549124.0
6130,2028683.0
6131,1754400.0
6132,759703.88
6133,1469067.0
6134,1840495.0
6135,2099740.0
6136,1945980.0
6137,794795.0
6138,1731030.0
6139,2403289.0
6140,874670.0
6141,2296340.0
6142,1601630.0
6143,1726755.0
6144,840280.0
6145,1998665.0
6146,627968.0
6147,1957330.0
6148,1057396.6666666667
6149,1500310.0
6150,626085.0
6151,1854655.0
6152,2326360.0
6153,2180875.0
6154,1097356.6666666665
6155,792970.0
6156,2537900.0
6157,771185.0
6158,1407448.0
6159,658530.0
6160,1959853.0
6161,1853330.0
6162,1857780.0
6163,663410.0
6164,555510.0
6165,1823090.0
6166,2114065.0
6167,652516.9
6168,1657020.0
6169,1606720.0
6170,1639713.3333333335
6171,1155085.0
6172,849480.0
6173,1067935.0
6174,2144150.0
6175,852230.0
6176,1914080.0
6177,2251785.0
6178,556280.0
6179,3137770.0
6180,656544.0
6181,1951060.0
6182,2591650.0
6183,769900.0
6184,1252570.0
6185,1464195.0
6186,1793675.0
6187,660805.0
6188,1919680.0
6189,755352.88
6190,1863230.0
6191,651995.0
6192,1117740.0
6193,1154810.0
6194,1160850.0
6195,1137700.0
6196,856340.0
6197,1172495.0
6198,1244520.0
6199,1131830.0
6200,776640.0
6201,1297350.0
6202,1200660.0
6203,1072070.0
6204,1521790.0
6205,1328730.0
6206,897920.0
6207,1128910.0
6208,1424483.0
6209,1171740.0
6210,1075530.0
6211,1191560.0
6212,1701500.0
6213,1221585.0
6214,1090025.0
6215,1145790.0
6216,702240.0
6217,1055080.0
6218,1376295.0
6219,1241180.0
6220,777300.0
6221,1029300.0
6222,1027030.0
6223,793608.0
6224,1170335.0
6225,1240590.0
6226,1089370.0
6227,1237600.0
6228,1067360.0
6229,985760.0
6230,1104840.0
6231,1087120.0
6232,800476.0
6233,1167140.0
6234,2024341.6666666665
6235,1097815.0
6236,1115960.0
6237,1158215.0
6238,960130.0
6239,1241200.0
6240,1252430.0
6241,1872070.0
6242,1605900.0
6243,1229080.0
6244,1038940.0
6245,985297.0
6246,727075.0
6247,1053890.0
6248,1482780.0
6249,1336685.0
6250,611300.0
6251,462745.3333333334
6252,562246.25
6253,494465.0
6254,378335.0
6255,785920.0
6256,1388478.92
6257,1034965.0
6258,293060.0
6259,889720.0
6260,740450.0
6261,958790.0
6262,1150905.0
6263,270661.0
6264,526152.5
6265,345763.33333333326
6266,1506410.0
6267,558915.0
6268,1243480.0
6269,968740.0
6270,1046330.0
6271,1017400.0
6272,284675.0
6273,849665.0
6274,843710.0
6275,1110460.0
6276,1027348.88
6277,344965.0
6278,1196830.0
6279,1093785.0
6280,891595.0
6281,1248450.0
6282,941630.0
6283,1024880.0
6284,711600.0
6285,505610.0
6286,1390520.0
6287,1174423.3333333333
6288,1030240.0
6289,1203535.0
6290,1478280.0
6291,535099.5
6292,472230.0
6293,1094780.0
6294,1052470.0
6295,1220765.0
6296,378044.66666666674
6297,560242.5
6298,805735.0
6299,1313435.0
6300,293810.0
6301,360508.3333333334
6302,1094035.0
6303,296099.3333333334
6304,273826.0
6305,1293710.0
6306,732890.0
6307,466015.0
6308,890330.0
6309,1475590.0
6310,457732.76
6311,1077450.0
6312,1052675.0
6313,1355405.0
6314,1009395.0
6315,378044.66666666674
6316,1481640.0
6317,488800.0
6318,1153020.0
6319,1178380.0
6320,609118.75
6321,1214630.0
6322,1391940.52
6323,1220983.3333333333
6324,1788530.0
6325,1271725.0
6326,985220.0
6327,1053310.0
6328,451005.0
6329,345763.33333333326
6330,1220983.3333333333
6331,501080.0
6332,1355560.0
6333,320998.3333333333
6334,1146180.0
6335,628375.0
6336,1306535.0
6337,1290970.0
6338,1175560.0
6339,1691390.0
6340,4610095.0
6341,487520.0
6342,1677080.0
6343,939861.6666666665
6344,640900.0
6345,5012500.0
6346,1240465.0
6347,1586545.0
6348,539426.75
6349,1355270.0
6350,443229.01
6351,681877.5
6352,1006245.0
6353,488575.0
6354,352875.0
6355,809585.0
6356,461012.5
6357,465882.62
6358,1228257.5
6359,3592650.0
6360,1595580.0
6361,2083885.0
6362,384665.0
6363,2638285.0
6364,2616150.0
6365,796370.0
6366,2713725.0
6367,2455110.0
6368,492206.67
6369,559305.4999999999
6370,3541275.0
6371,434422.3333333334
6372,5010705.0
6373,4322950.0
6374,1995910.0
6375,523945.1
6376,1669670.0
6377,1991055.0
6378,1228257.5
6379,521030.0
6380,1387570.0
6381,2110716.6666666665
6382,2279480.0
6383,996670.0
6384,539426.75
6385,580725.0
6386,352975.0
6387,2766500.0
6388,1877370.0
6389,1177255.0
6390,3844070.0
6391,541998.0
6392,835461.75
6393,4040775.0
6394,2703090.0
6395,1718430.0
6396,673885.0
6397,1956900.0
6398,419020.0
6399,1154893.3333333335
6400,544260.0
6401,635323.0
6402,1090220.0
6403,2235410.0
6404,567752.5
6405,2804620.0
6406,835461.75
6407,1373425.0
6408,858751.25
6409,948808.0
6410,962285.01
6411,566280.0
6412,1059545.0
6413,906960.0
6414,933745.0
6415,1072835.0
6416,785726.0
6417,853480.0
6418,838860.0
6419,1104995.0
6420,1019590.0
6421,550320.0
6422,560285.0
6423,794020.0
6424,938010.0
6425,956935.0
6426,817500.0
6427,577411.0
6428,1064705.0
6429,1034300.0
6430,962380.0
6431,940280.0
6432,823660.0
6433,872680.0
6434,1072520.0
6435,914626.0
6436,1069200.0
6437,684575.0
6438,649355.0
6439,964250.17
6440,760095.0
6441,634940.0
6442,705790.0
6443,594270.0
6444,731330.0
6445,680695.0
6446,745780.0
6447,747850.0
6448,757590.0
6449,771100.0
6450,705670.0
6451,561110.0
6452,1010355.0
6453,1097345.0
6454,656130.0
6455,770710.0
6456,904130.0
6457,509240.0
6458,869005.0
6459,705530.0
6460,615580.0
6461,657100.17
6462,629745.0
6463,526600.0
6464,414665.0
6465,696528.88
6466,651540.0
6467,887690.0
6468,1164753.3333333335
6469,768660.0
6470,1452165.0
6471,433225.0
6472,2312287.5
6473,793555.0
6474,572135.0
6475,706460.0
6476,994000.0
6477,1058875.0
6478,1151985.0
6479,557285.0
6480,1071935.0
6481,499675.0
6482,623510.0
6483,2136060.0
6484,691180.0
6485,1377405.0
6486,1531012.5
6487,1549545.0
6488,889530.0
6489,1416638.75
6490,1716775.0
6491,1058560.0
6492,863835.0
6493,2563420.0
6494,2488425.0
6495,2538010.0
6496,1222150.0
6497,2994500.0
6498,1357175.0
6499,324066.6666666666
6500,1134415.0
6501,1484650.0
6502,1670680.0
6503,805435.0
6504,714637.0
6505,1177070.0
6506,1875575.833333333
6507,1346250.0
6508,2347410.0
6509,1394905.0
6510,1635501.6666666665
6511,896665.0
6512,1875575.833333333
6513,1455133.333333333
6514,1178776.6666666665
6515,1034950.0
6516,505282.0
6517,502046.88
6518,957985.0
6519,440201.0
6520,959900.0
6521,1823720.0
6522,1164830.0
6523,1050195.0
6524,915630.0
6525,380970.0
6526,1055370.0
6527,822815.0
6528,1264610.0
6529,1274438.3333333333
6530,1348890.0
6531,2161857.5
6532,1092320.0
6533,1202735.0
6534,1030460.0
6535,459420.0
6536,513110.0
6537,1016590.0
6538,1214213.3333333333
6539,1170856.0
6540,434990.0
6541,1187435.0
6542,840400.0
6543,1662620.0
6544,936775.0
6545,1105335.0
6546,1429875.0
6547,1524401.666666667
6548,3044075.0
6549,1891220.0
6550,1567970.0
6551,2132050.833333333
6552,323325.0
6553,492590.0
6554,397451.0
6555,1526637.5
6556,305460.0
6557,454545.0
6558,967705.0
6559,390725.0
6560,1489120.0
6561,396696.0
6562,1134440.0
6563,588620.0
6564,1843410.0
6565,871590.0
6566,2047700.0
6567,987695.0
6568,2214790.0
6569,691815.0
6570,577515.0
6571,777367.5
6572,348625.0
6573,1294325.0
6574,1480980.0
6575,1509380.0
6576,379771.33333333326
6577,406068.33333333326
6578,416820.0
6579,522260.0
6580,329500.0
6581,570450.0
6582,876580.0
6583,489127.0
6584,462335.0
6585,1162315.0
6586,1674225.0
6587,584420.0
6588,1177495.0
6589,905475.0
6590,1234770.0
6591,377760.0
6592,412240.0
6593,610656.6666666666
6594,675125.0
6595,1274600.0
6596,540785.0
6597,2046350.0
6598,1319670.0
6599,640685.0
6600,1176040.0
6601,1389770.0
6602,583270.0
6603,560225.0
6604,486015.0
6605,1346760.0
6606,1770900.0
6607,736390.74
6608,952828.0
6609,798570.0
6610,762865.0
6611,683570.0
6612,762080.0
6613,922537.5
6614,902845.0
6615,737020.0
6616,813092.5
6617,775045.0
6618,734670.0
6619,758305.0
6620,738950.0
6621,891860.0
6622,837061.0
6623,756370.0
6624,1006125.0
6625,879260.0
6626,803255.0
6627,1114195.0
6628,1375190.0
6629,908935.0
6630,980580.0
6631,853490.0
6632,546218.44
6633,817200.0
6634,887493.3333333335
6635,936620.0
6636,1138970.0
6637,715316.6666666665
6638,940570.0
6639,947205.0
6640,742295.0
6641,1241275.0
6642,1142995.0
6643,690844.3
6644,917590.0
6645,910515.0
6646,781655.0
6647,847735.0
6648,779410.0
6649,901080.0
6650,983810.0
6651,420250.32
6652,1283140.0
6653,1328477.0
6654,1639330.0
6655,637006.6666666666
6656,1870140.0
6657,1718680.0
6658,358302.0
6659,1676380.0
6660,1096375.0
6661,465436.6666666666
6662,395908.44
6663,1071690.0
6664,1295235.0
6665,977500.0
6666,465436.6666666666
6667,890895.0
6668,473584.28
6669,798940.0
6670,1175580.0
6671,591220.0
6672,1091140.0000000002
6673,701808.3333333333
6674,891270.0
6675,786605.0
6676,324195.0
6677,969740.0
6678,899910.0
6679,838200.0
6680,848420.0
6681,1315020.0
6682,962395.0
6683,720770.0
6684,355625.0
6685,1341520.0
6686,1068285.0833333335
6687,1200177.9166666667
6688,1379250.0
6689,837535.0
6690,845010.0
6691,1333235.0
6692,675839.0
6693,1128870.0
6694,991483.75
6695,875740.0
6696,1141450.0
6697,894645.0
6698,1044965.0
6699,1022305.0
6700,806295.0
6701,787187.0
6702,939930.0
6703,1087200.0
6704,819517.5
6705,1313085.0
6706,1391445.0
6707,1220488.75
6708,1540670.0
6709,941330.0
6710,831775.0
6711,744465.0
6712,941450.0
6713,1289767.9166666667
6714,971625.0
6715,452027.0
6716,1393500.0
6717,903700.0
6718,1300630.0
6719,986595.0
6720,850795.0
6721,1357031.666666667
6722,919580.0
6723,865800.0
6724,822750.0
6725,939055.0
6726,354316.66666666674
6727,1632700.0
6728,421640.0
6729,457270.0
6730,893620.0
6731,1337063.3333333333
6732,1209610.0
6733,941755.0
6734,3391800.0
6735,1110515.0
6736,1195388.3333333335
6737,1526420.0
6738,1469160.0
6739,1176175.0
6740,430245.0
6741,908405.0
6742,1783700.0
6743,1607065.0
6744,1231062.0
6745,1195388.3333333335
6746,778780.0
6747,1382475.0
6748,1412560.0
6749,402690.0
6750,652665.0
6751,2221570.0
6752,1517430.0
6753,779365.0
6754,867030.0
6755,883260.0
6756,892300.0
6757,734750.0
6758,779490.0
6759,667270.0
6760,865480.0
6761,738215.0
6762,1322290.0
6763,919580.0
6764,533020.0
6765,678260.0
6766,1312200.0
6767,928240.0
6768,920300.0
6769,1404500.0
6770,1553170.0
6771,1825150.0
6772,1801010.0
6773,928960.0
6774,482635.0
6775,572085.0
6776,1754385.0
6777,1164460.0
6778,1444385.0
6779,638270.0
6780,556695.0
6781,1518390.0
6782,1140868.0
6783,387035.0
6784,477650.0
6785,1525905.0
6786,672600.0
6787,593665.0
6788,966300.0
6789,1172860.0
6790,427430.0
6791,997003.3333333335
6792,1629135.0
6793,1046718.0
6794,985620.0
6795,1008850.0
6796,952863.0
6797,1020758.0
6798,1047815.0
6799,1174085.0
6800,480570.0
6801,985290.0
6802,1668222.5
6803,1226070.0
6804,536705.0
6805,412770.0
6806,654770.0
6807,714070.0
6808,1319495.0
6809,515510.0
6810,814555.0
6811,921550.0
6812,898135.0
6813,1299061.0
6814,973685.0
6815,1099835.0
6816,1411750.0
6817,423195.0
6818,536250.0
6819,770660.0
6820,1290075.0
6821,837080.0
6822,1490540.0
6823,1487600.0
6824,611692.5
6825,813130.0
6826,852295.0
6827,845885.0
6828,676560.0
6829,403010.0
6830,1708680.0
6831,547660.0
6832,2078440.0
6833,548555.0
6834,1110110.0
6835,1528510.0
6836,1013900.0
6837,947060.0
6838,1184040.0
6839,1426131.0
6840,602920.0
6841,335735.0
6842,1528510.0
6843,1878507.0
6844,1171760.0
6845,2291391.0
6846,1625128.5
6847,619785.0
6848,1387100.0
6849,566027.5
6850,2189290.0
6851,1129340.0
6852,602460.0
6853,980225.0
6854,3602070.0
6855,2917723.333333333
6856,781280.0
6857,828380.0
6858,1198105.0
6859,1592020.0
6860,1549280.0
6861,654090.0
6862,547140.0
6863,815320.0
6864,563970.0
6865,649075.0
6866,850145.0
6867,765640.0
6868,931765.0
6869,1615368.88
6870,1107925.0
6871,1293555.0
6872,1408790.0
6873,831590.0
6874,845510.0
6875,730110.0
6876,799074.5
6877,1313050.0
6878,1101192.0
6879,734880.0
6880,538450.0
6881,1479855.0
6882,847840.0
6883,1033290.0
6884,1013645.0
6885,1328500.0
6886,854690.0
6887,681355.0
6888,661640.17
6889,733875.0
6890,350135.0
6891,569095.0
6892,449890.0
6893,614912.0
6894,682380.0
6895,645030.0
6896,674945.0
6897,690545.0
6898,664930.0
6899,551750.0
6900,577575.0
6901,600335.74
6902,641048.3333333335
6903,689010.0
6904,707990.0
6905,664200.0
6906,677877.0
6907,784005.0
6908,681460.0
6909,546045.0
6910,655880.26
6911,491605.0
6912,670756.67
6913,314441.0
6914,647436.1904761904
6915,709010.0
6916,632495.0
6917,633355.0
6918,689455.0
6919,797650.0
6920,709110.74
6921,645255.0
6922,614105.0
6923,745782.5
6924,686135.0
6925,754195.0
6926,468995.0
6927,574516.0
6928,540080.0
6929,887140.0
6930,562175.0
6931,621160.0
6932,583660.0
6933,637201.48
6934,682410.0
6935,603835.0
6936,760370.0
6937,646650.0
6938,499425.0
6939,679263.1904761904
6940,596115.0
6941,656294.4
6942,605945.74
6943,658460.0
6944,699300.0
6945,644926.6666666667
6946,1108685.0
6947,521470.0
6948,513940.0
6949,449555.0
6950,1491210.0
6951,2234250.0
6952,1240965.0
6953,475135.0
6954,1251220.0
6955,2476945.0
6956,779480.0
6957,1837478.5714285714
6958,1831740.0
6959,1742350.0
6960,1700730.0
6961,1513700.0
6962,1617130.0
6963,523700.0
6964,1233255.0
6965,1529580.0
6966,2856300.0
6967,551330.0
6968,826191.6666666665
6969,1893285.0
6970,1499500.0
6971,920460.0
6972,463135.0
6973,2919670.0
6974,380670.0
6975,586685.0
6976,2617680.0
6977,340295.0
6978,540420.0
6979,731565.0
6980,2297510.0
6981,2250260.0
6982,1794480.0
6983,1749340.0
6984,749325.0
6985,2940850.0
6986,2335935.0
6987,1511965.0
6988,444135.0
6989,1551260.0
6990,2145080.0
6991,1310665.0
6992,1837478.5714285714
6993,3157005.0
6994,833935.0
6995,696640.0
6996,2985150.0
6997,3482300.0
6998,486095.0
6999,1576835.0
7000,1499555.0
7001,1937535.0
7002,1317060.0
7003,2468640.0
7004,1524700.0
7005,2544590.0
7006,2799540.0
7007,1678155.0
7008,3001450.0
7009,539570.0
7010,750845.0
7011,2732550.0
7012,2328180.0
7013,1379710.0
7014,615661.38
7015,1785155.0
7016,418895.0
7017,2161540.0
7018,528145.0
7019,548688.3333333334
7020,595430.0
7021,1689220.0
7022,362560.01
7023,2093980.0
7024,1694765.0
7025,721040.0
7026,1160680.0
7027,2239320.0
7028,995870.0
7029,532780.38
7030,680085.0
7031,1203720.0
7032,644140.0
7033,597245.0
7034,722835.0
7035,475725.0
7036,1540480.0
7037,534020.0
7038,678615.0
7039,1054475.0
7040,607745.0
7041,818870.0
7042,1183000.0
7043,955836.0
7044,601455.0
7045,950550.0
7046,1405285.0
7047,839940.0
7048,1141580.0
7049,566439.0
7050,726860.0
7051,1130320.0
7052,854480.0
7053,1585450.0
7054,1063865.0
7055,1291770.0
7056,648660.0
7057,1253510.0
7058,1345910.0
7059,487742.5
7060,1076560.0
7061,1383260.0
7062,974692.5
7063,3618690.0
7064,1540800.0
7065,488807.5
7066,2043750.0
7067,1851290.0
7068,1877100.0
7069,1254490.0
7070,2255650.0
7071,496660.0
7072,1755770.0
7073,1938298.0
7074,1900190.0
7075,1051405.0
7076,393825.0
7077,547500.0
7078,429820.0
7079,322790.0
7080,458885.0
7081,541115.0
7082,604055.0
7083,496375.0
7084,564770.0
7085,494875.0
7086,508414.14
7087,473265.0
7088,504405.0
7089,934765.0
7090,1025392.63
7091,708885.0
7092,689324.11
7093,397695.0
7094,683855.0
7095,648610.0
7096,766720.0
7097,721356.0
7098,1111670.0
7099,873895.0
7100,1039790.0
7101,728510.0
7102,749495.0
7103,839685.0
7104,736330.0
7105,779422.0
7106,466550.0
7107,728115.0
7108,971195.0
7109,220652.5
7110,1228295.0
7111,988332.5
7112,386512.44
7113,1257555.0
7114,937580.0
7115,1276330.0
7116,216094.5
7117,1141791.57
7118,1554335.0
7119,1483425.0
7120,1176150.0
7121,1033595.0
7122,870795.0
7123,673480.0
7124,713950.0
7125,985690.0
7126,1138833.76
7127,718455.0
7128,743345.0
7129,1369185.0
7130,549995.0
7131,1462085.0
7132,573197.5
7133,1320471.88
7134,835100.0
7135,1455900.0
7136,1639655.0
7137,302655.0
7138,886350.0
7139,322410.0
7140,647150.0
7141,268195.0
7142,1383065.0
7143,886575.0
7144,1412295.0
7145,804720.0
7146,742190.0
7147,837400.0
7148,527857.5
7149,1681340.0
7150,1427190.0
7151,649140.0
7152,632755.0
7153,1166430.0
7154,1142222.88
7155,305385.0
7156,1255610.0
7157,1098691.88
7158,1311600.0
7159,2090150.0
7160,509970.0
7161,1534861.0
7162,752070.0
7163,1180040.0
7164,1433755.0
7165,2160620.0
7166,1844910.0
7167,1721350.0
7168,260120.0
7169,303331.7738095238
7170,1628875.0
7171,774455.0
7172,2168600.0
7173,1182320.0
7174,1813480.0
7175,888595.0
7176,1865990.0
7177,1191530.0
7178,1445725.0
7179,1682995.0
7180,541930.0
7181,1687943.0
7182,1304500.0
7183,855580.0
7184,277158.1666666667
7185,816220.0
7186,781735.0
7187,1324441.88
7188,759765.0
7189,810280.0
7190,1066715.0
7191,1767830.0
7192,1482130.0
7193,1857540.0
7194,900700.0
7195,1595300.0
7196,278072.9166666666
7197,1494965.0
7198,1028555.0
7199,299700.0
7200,1839360.0
7201,468640.0
7202,903455.0
7203,982425.0
7204,1466945.0
7205,1415050.0
7206,1057350.0
7207,427460.0
7208,357190.0
7209,413260.0
7210,1231160.0
7211,1594765.0
7212,408764.83333333326
7213,1113505.0
7214,645345.0
7215,550485.0
7216,1897010.0
7217,422590.0
7218,520830.0
7219,1037725.0
7220,1007775.0
7221,904165.0
7222,1008795.0
7223,979540.0
7224,1398940.0
7225,753124.6666666665
7226,840490.0
7227,837690.0
7228,859378.6666666667
7229,564803.3333333334
7230,449305.0
7231,1164802.0
7232,423950.0
7233,406340.0
7234,621410.0
7235,423305.0
7236,767870.0
7237,583548.3333333334
7238,973255.0
7239,880240.0
7240,328918.0
7241,913135.0
7242,429040.0
7243,842040.0
7244,826575.0
7245,874310.0
7246,943735.0
7247,710495.0
7248,939015.0
7249,912050.0
7250,531795.0
7251,927405.0
7252,938477.0
7253,665900.0
7254,542551.0
7255,751865.0
7256,1002285.0
7257,910815.0
7258,785102.5
7259,742275.0
7260,756600.0
7261,924010.0
7262,792315.0
7263,735107.5
7264,603902.0
7265,1443020.0
7266,636135.0
7267,1014680.0
7268,289670.0
7269,1088756.6666666667
7270,846335.0
7271,849630.0
7272,317467.0
7273,451286.66666666674
7274,910730.0
7275,880140.0
7276,439805.0
7277,773580.0
7278,468752.5
7279,864145.0
7280,1002080.0
7281,840000.0
7282,760890.0
7283,681455.0
7284,668472.5
7285,610245.0
7286,861351.0
7287,710714.98
7288,308355.0
7289,694910.0
7290,687180.0
7291,599310.0
7292,645355.0
7293,216270.0
7294,476530.0
7295,330030.0
7296,687705.0
7297,578130.0
7298,655590.0
7299,752449.99
7300,563240.0
7301,717290.0
7302,780549.99
7303,179250.0
7304,508525.0
7305,261085.0
7306,546952.0
7307,541237.0
7308,907073.3333333333
7309,760830.0
7310,1227565.0
7311,1387370.0
7312,637232.5
7313,710070.0
7314,428425.0
7315,657115.0
7316,692225.0
7317,591120.0
7318,2531630.0
7319,491710.0
7320,621135.0
7321,718150.0
7322,1040970.0
7323,373280.0
7324,453090.0
7325,974650.0
7326,1115640.0
7327,1076868.0
7328,629220.0
7329,1211980.0
7330,1054113.0
7331,794420.0
7332,1060003.0
7333,1080610.0
7334,955658.0
7335,994723.0
7336,1042535.0
7337,1577645.0
7338,646530.0
7339,973090.0
7340,1037034.0
7341,685003.0
7342,732020.0
7343,1265135.0
7344,1146900.0
7345,1186063.0
7346,1157685.0
7347,1728935.0
7348,712290.0
7349,589840.0
7350,705110.0
7351,377730.0
7352,586315.0
7353,865180.0
7354,2048030.0
7355,533530.0
7356,1105680.0
7357,800795.0
7358,430199.6666666666
7359,1455892.5
7360,1032205.0
7361,564835.0
7362,1455892.5
7363,976590.0
7364,407095.0
7365,1044805.0
7366,935935.0
7367,433505.0
7368,1800600.0
7369,650060.0
7370,898225.0
7371,1100025.0
7372,595235.0
7373,1006730.0
7374,1464750.0
7375,1202385.0
7376,397280.0
7377,1569870.0
7378,865210.0
7379,993145.0
7380,640545.0
7381,969710.0
7382,1012180.0
7383,955560.0
7384,952155.0
7385,939560.0
7386,477825.0
7387,564393.0
7388,491820.0
7389,509298.5
7390,876050.0
7391,387546.0
7392,620767.5
7393,1221888.88
7394,965032.59
7395,828665.0
7396,942559.98
7397,796018.88
7398,510845.0
7399,1381640.0
7400,1631075.0
7401,1099400.0
7402,1729030.0
7403,337735.0
7404,1742675.0
7405,1445195.0
7406,578470.0
7407,1390973.0
7408,865875.0
7409,879685.0
7410,1507950.0
7411,1670440.0
7412,727121.0
7413,463275.0
7414,836980.0
7415,567275.0
7416,828825.0
7417,729541.0
7418,754610.0
7419,655180.0
7420,492586.6666666666
7421,641350.0
7422,599970.0
7423,612560.0
7424,1344886.0
7425,431390.0
7426,550452.5
7427,584580.0
7428,2055810.0
7429,1759150.0
7430,1861130.0
7431,1327640.0
7432,1270295.0
7433,473900.0
7434,1699490.0
7435,1743530.0
7436,899300.0
7437,1987660.0
7438,2067310.0
7439,2512460.0
7440,2091450.0
7441,2890740.0
7442,2057300.0
7443,2027740.0
7444,1427800.0
7445,1155940.0
7446,326780.0
7447,1308535.0
7448,1934515.0
7449,331400.0
7450,894300.0
7451,761475.0
7452,858160.0
7453,1797910.0
7454,1290445.0
7455,482650.0
7456,1574780.0
7457,1617815.0
7458,1010720.0
7459,758798.88
7460,663255.0
7461,2103550.0
7462,403955.01
7463,1980105.0
7464,1405230.0
7465,976770.0
7466,1030790.0
7467,687085.0
7468,2413570.0
7469,1047036.6666666667
7470,1432156.0
7471,1233210.0
7472,1026650.0
7473,958740.0
7474,1419610.0
7475,1421775.0
7476,1197780.0
7477,704965.0
7478,741725.0
7479,899985.0
7480,687602.0
7481,831675.0
7482,829595.0
7483,1195670.0
7484,1231365.0
7485,746935.0
7486,1451905.0
7487,1735035.0
7488,1719270.0
7489,1894650.0
7490,937925.0
7491,1831018.0
7492,1656895.0
7493,794360.0
7494,1753540.0
7495,1672634.0
7496,1132780.0
7497,913710.0
7498,1389115.0
7499,1445727.5
7500,1193995.0
7501,1922520.0
7502,765775.0
7503,641780.0
7504,1169610.0
7505,1264095.0
7506,1433620.0
7507,1280520.0
7508,1307900.0
7509,1750500.0
7510,1778345.0
7511,873680.0
7512,1197415.0
7513,899455.0
7514,726795.0
7515,1487330.0
7516,915390.0
7517,923195.0
7518,778760.0
7519,1750020.0
7520,1125020.0
7521,1187581.0
7522,1252862.5
7523,1033890.0
7524,1274010.0
7525,1593020.0
7526,813170.0
7527,850890.0
7528,529767.5
7529,1558070.0
7530,835820.0
7531,1409095.0
7532,1265410.0
7533,1185530.0
7534,1052328.0
7535,1232620.0
7536,1183390.0
7537,736624.0
7538,535310.0
7539,962065.0
7540,1696035.0
7541,1672178.0
7542,902595.0
7543,646805.0
7544,1990830.0
7545,614680.0
7546,844040.0
7547,735470.0
7548,749610.0
7549,492289.0
7550,1056460.0
7551,718255.0
7552,2329750.0
7553,2809200.0
7554,5287780.0
7555,2064295.0
7556,1957110.0
7557,1178995.0
7558,3898160.0
7559,1832965.0
7560,1429040.0
7561,2310310.0
7562,542752.5
7563,2187292.76
7564,1143390.0
7565,2057115.0
7566,965020.0
7567,2522300.0
7568,986500.0
7569,1890305.0
7570,2639950.0
7571,1449255.0
7572,1212740.0
7573,2473030.0
7574,1269150.0
7575,765530.0
7576,2052400.0
7577,1679010.0
7578,947580.0
7579,1923530.0
7580,1583775.0
7581,1928630.0
7582,1616790.0
7583,2038865.0
7584,1343975.0
7585,1528750.0
7586,1603310.0
7587,1636130.0
7588,2063805.0
7589,1109380.0
7590,1704235.0
7591,696775.0
7592,1192040.0
7593,559845.0
7594,494590.0
7595,1104895.0
7596,1322675.0
7597,383465.0
7598,1457930.0
7599,1348610.0
7600,1333660.0
7601,1190610.0
7602,345635.0
7603,845970.0
7604,1378580.0
7605,969655.0
7606,399785.0
7607,691730.0
7608,1724210.0
7609,1372970.0
7610,1093205.0
7611,638425.0
7612,1134950.0
7613,897765.0
7614,926560.0
7615,507910.55
7616,1659903.88
7617,1291560.0
7618,964720.0
7619,1370051.64
7620,1234900.0
7621,1003940.0
7622,998725.0
7623,527350.0
7624,649627.5
7625,497987.5
7626,998785.0
7627,507330.0
7628,719850.0
7629,391075.0
7630,594100.0
7631,799715.0
7632,1385770.0
7633,429936.1
7634,823620.0
7635,824070.0
7636,714130.0
7637,1201720.0
7638,1072540.0
7639,1161845.0
7640,1127965.0
7641,1065735.0
7642,1261110.0
7643,728015.0
7644,592410.0
7645,1237200.0
7646,529346.04
7647,1227492.63
7648,840168.0
7649,622236.0
7650,1518350.0
7651,977900.0
7652,1169375.0
7653,2243130.0
7654,1021696.0
7655,901710.0
7656,1361100.0
7657,1229800.0
7658,1569385.0
7659,590655.0
7660,608675.0
7661,1031652.0
7662,1478055.0
7663,993529.0
7664,1433575.0
7665,1646070.0
7666,1687290.0
7667,961378.0
7668,1612703.0
7669,1237095.0
7670,1913140.0
7671,2331845.0
7672,2135495.0
7673,2143600.0
7674,882510.0
7675,998690.0
7676,2496400.0
7677,1658470.0
7678,1553735.0
7679,3300670.0
7680,1954126.0
7681,1667055.0
7682,1245215.0
7683,1829315.0
7684,4626000.0
7685,2842050.0
7686,1879290.0
7687,1509945.0
7688,855960.0
7689,3082020.0
7690,825180.0
7691,2772900.0
7692,7059880.0
7693,1733490.0
7694,3217995.0
7695,3091300.0
7696,1191930.0
7697,1635240.0
7698,1702100.0
7699,525665.0
7700,1448500.0
7701,2156395.0
7702,1225341.0
7703,596471.0
7704,1349090.0
7705,296535.0
7706,307885.0
7707,1112750.0
7708,1286520.0
7709,985160.0
7710,560610.0
7711,1403970.0
7712,1638420.0
7713,323805.0
7714,648675.0
7715,565815.0
7716,318800.0
7717,590890.0
7718,624585.0
7719,1566780.0
7720,1884760.0
7721,576645.0
7722,736670.0
7723,1096020.0
7724,1088480.0
7725,601610.0
7726,1334715.0
7727,1014870.0
7728,480035.0
7729,775480.0
7730,931815.0
7731,990850.0
7732,821775.0
7733,1824435.0
7734,1465140.0
7735,677190.0
7736,1245970.0
7737,1644730.0
7738,1253220.0
7739,1544725.0
7740,430525.0
7741,837780.0
7742,983285.0
7743,761040.0
7744,1345692.5
7745,494110.0
7746,946430.0
7747,735635.0
7748,1008280.0
7749,600444.4
7750,849225.0
7751,1176300.0
7752,1172154.1666666667
7753,937581.0
7754,793430.0
7755,899015.0
7756,765235.0
7757,947355.0
7758,1016195.0
7759,1431620.0
7760,587870.0
7761,979690.0
7762,885945.0
7763,1031305.0
7764,1428780.0
7765,1234260.0
7766,706710.0
7767,1684885.0
7768,634865.0
7769,748350.0
7770,748350.0
7771,1129940.0
7772,818335.0
7773,868880.0
7774,825480.0
7775,370060.0
7776,537550.0
7777,1237480.0
7778,995090.0
7779,531735.0
7780,1265090.0
7781,1363310.0
7782,964910.0
7783,1021860.0
7784,1371760.0
7785,881300.0
7786,1473426.0
7787,1332730.0
7788,1366400.0
7789,1597955.0
7790,1203000.0
7791,767959.0
7792,1062043.0
7793,1659610.0
7794,1392445.0
7795,1748338.0
7796,1540875.0
7797,1853336.0
7798,546890.0
7799,1659790.0
7800,1054470.0
7801,771985.0
7802,1373945.0
7803,1258980.0
7804,1904840.0
7805,319690.0
7806,1312009.0
7807,726155.0
7808,1575955.0
7809,1152740.0
7810,1622790.0
7811,456210.0
7812,304405.0
7813,1203110.0
7814,1598505.0
7815,965295.0
7816,333865.0
7817,1259800.0
7818,710125.0
7819,754425.0
7820,502760.0
7821,564820.0
7822,1008655.0
7823,332821.0
7824,386455.0
7825,668145.0
7826,1541495.0
7827,696215.0
7828,641048.3333333335
7829,684975.8333333335
7830,870201.7
7831,570915.0
7832,700825.0
7833,699480.0
7834,651617.5
7835,920285.0
7836,401255.0
7837,674260.0
7838,716086.75
7839,666710.0
7840,333730.0
7841,563670.0
7842,1237630.0
7843,334120.0
7844,1045989.0
7845,1329400.0
7846,1582485.0
7847,1377560.0
7848,1571760.0
7849,2113135.0
7850,1099350.0
7851,943600.0
7852,1060825.0
7853,1126220.0
7854,964670.0
7855,703590.0
7856,1061005.0
7857,1566425.0
7858,486628.44
7859,448550.0
7860,406680.0
7861,1136642.5
7862,1064940.0
7863,1007190.0
7864,982685.0
7865,455453.5
7866,1194110.0
7867,853410.0
7868,477115.0
7869,789720.0
7870,1311390.0
7871,1213905.0
7872,873785.0
7873,614700.0
7874,304805.0
7875,868980.0
7876,845463.3333333335
7877,889545.0
7878,286250.0
7879,657890.0
7880,1444670.0
7881,798218.75
7882,1711570.0
7883,1205355.0
7884,2401715.0
7885,1980370.0
7886,1849625.0
7887,685645.0
7888,2280890.0
7889,3015095.0
7890,1580540.0
7891,739515.0
7892,855930.0
7893,1269630.0
7894,693370.0
7895,1061445.0
7896,791455.0
7897,768800.0
7898,488280.26
7899,877930.0
7900,822530.0
7901,600562.0
7902,672250.0
7903,788800.0
7904,694445.0
7905,733977.0
7906,843225.0
7907,642310.0
7908,643710.0
7909,585165.0
7910,809950.0
7911,1009795.0
7912,654985.0
7913,698840.0
7914,570505.0
7915,652820.0
7916,892925.0
7917,676410.0
7918,727187.0
7919,717470.0
7920,869620.0
7921,614890.0
7922,1578740.0
7923,2346195.0
7924,1794060.0
7925,1604340.0
7926,1685780.0
7927,839285.0
7928,2467540.0
7929,705165.0
7930,1540630.0
7931,850445.0
7932,1440370.0
7933,916775.0
7934,1707710.0
7935,429340.0
7936,626666.6666666666
7937,498255.0
7938,649391.38
7939,351535.0
7940,299637.5
7941,400075.01
7942,367770.0
7943,1717910.0
7944,298420.0
7945,1286650.0
7946,1593810.0
7947,1499265.0
7948,1976805.0
7949,1731295.0
7950,2036250.0
7951,575270.0
7952,3501450.0
7953,928160.0
7954,731770.0
7955,1388330.0
7956,1135650.0
7957,410000.0
7958,1637335.0
7959,1245580.0
7960,3117990.0
7961,2691280.0
7962,1756160.0
7963,418950.01
7964,1453880.0
7965,1974380.0
7966,489360.0
7967,381874.01
7968,536020.0
7969,541770.0
7970,1642220.0
7971,1213820.0
7972,614955.0
7973,1195640.0
7974,763490.0
7975,887040.0
7976,635925.0
7977,602519.5
7978,763050.0
7979,747020.0
7980,628250.0
7981,784420.0
7982,716110.0
7983,639860.0
7984,617595.0
7985,689992.5
7986,862420.0
7987,649250.0
7988,589645.0
7989,872592.5
7990,581345.0
7991,636045.0
7992,519685.0
7993,868746.0
7994,962520.0
7995,862602.5
7996,993205.0
7997,1449751.57
7998,2018695.0
7999,968765.0
8000,930110.0
8001,1003410.0
8002,1481550.0
8003,1074455.0
8004,1613205.0
8005,2790500.0
8006,1713255.0
8007,739454.375
8008,1838525.0
8009,1174370.0
8010,1008410.0
8011,1775191.25
8012,2093530.0
8013,2372960.0
8014,1740185.0
8015,650920.0
8016,543895.0
8017,796122.0
8018,845800.01
8019,659788.3333333333
8020,499665.0
8021,713910.0
8022,891911.0
8023,741390.0
8024,899425.0
8025,738730.0
8026,546150.0
8027,887335.0
8028,3412080.0
8029,683855.0
8030,769285.0
8031,929865.0
8032,438100.0
8033,2451700.0
8034,4158620.0
8035,3328470.0
8036,878420.0
8037,2513375.0
8038,1996320.0
8039,2362320.0
8040,637370.0
8041,1009711.6666666665
8042,747510.0
8043,615851.36
8044,1461750.0
8045,1238865.0
8046,1088890.0
8047,1108746.25
8048,987666.6666666667
8049,802480.0
8050,904038.3333333335
8051,669805.0
8052,863480.0
8053,740625.0
8054,470841.0
8055,672260.0
8056,422461.0
8057,886503.0
8058,876905.0
8059,360570.0
8060,1072380.0
8061,428120.0
8062,1994130.0
8063,1886855.0
8064,2025605.0
8065,3026200.0
8066,1396550.0
8067,403010.0
8068,1283553.0
8069,2207850.0
8070,1115290.0
8071,1371420.0
8072,1599325.19
8073,1599620.0
8074,1169485.0
8075,1648850.0
8076,419150.0
8077,1629207.0
8078,1198580.0
8079,434935.0
8080,1850330.0
8081,352885.0
8082,469200.0
8083,1009490.0
8084,351780.0
8085,677510.9
8086,570980.0
8087,1819770.0
8088,2079740.0
8089,485130.0
8090,1519945.0
8091,2234625.0
8092,308120.0
8093,1550145.0
8094,439904.16666666674
8095,989615.0
8096,1634045.0
8097,1775091.6666666665
8098,552070.0
8099,994495.0
8100,1486915.0
8101,1092010.0
8102,1257585.0
8103,2172055.0
8104,1220755.0
8105,1350440.0
8106,938240.0
8107,1005900.0
8108,531163.3333333334
8109,1235165.0
8110,1109980.0
8111,1344655.0
8112,1638155.0
8113,929715.0
8114,763695.0
8115,627995.0
8116,519395.0
8117,1223800.0
8118,486175.0
8119,269620.0
8120,545770.5
8121,580670.0
8122,855130.0
8123,1229757.0
8124,1482682.0
8125,1826460.0
8126,819597.5
8127,1464525.0
8128,1434150.0
8129,1130010.0
8130,1265045.0
8131,837752.0
8132,926535.0
8133,1572580.0
8134,884420.0
8135,1312660.0
8136,1441222.0
8137,1010145.0
8138,1117055.0
8139,870435.0
8140,1533280.0
8141,2219130.0
8142,1300555.0
8143,1067615.0
8144,1129275.0
8145,1186680.0
8146,1320840.0
8147,987070.0
8148,969860.01
8149,827170.0
8150,1193130.0
8151,891900.0
8152,954320.0
8153,496270.0
8154,342560.0
8155,785970.0
8156,1347370.0
8157,747610.01
8158,1253630.0
8159,1311995.0
8160,623325.55
8161,694971.6666666665
8162,505440.2083333334
8163,1251810.0
8164,913055.0
8165,1738050.0
8166,1978170.0
8167,317520.03
8168,1097540.0
8169,1517020.0
8170,1020870.0
8171,1019375.0
8172,2631530.0
8173,1019530.0
8174,1208750.0
8175,505440.2083333334
8176,1240935.0
8177,581050.0
8178,947595.0
8179,576637.0
8180,721025.0
8181,1171590.0
8182,1077445.0
8183,832830.36
8184,1218020.0
8185,1167267.76
8186,610403.3333333334
8187,2306330.0
8188,1526970.0
8189,698770.0
8190,1403385.0
8191,1175625.0
8192,694225.0
8193,1237300.0
8194,1539566.57
8195,1770095.0
8196,1430050.0
8197,2152450.0
8198,456332.6
8199,1155850.0
8200,1586720.0
8201,1344115.0
8202,303331.7738095238
8203,819535.0
8204,3420870.0
8205,2311370.0
8206,764395.0
8207,734740.0
8208,931752.5
8209,832110.0
8210,803433.33
8211,839230.0
8212,790480.0
8213,505800.0
8214,583010.0
8215,535190.0
8216,727360.0
8217,490025.0
8218,771980.0
8219,1241916.6666666665
8220,437805.0
8221,571310.0
8222,1385240.0
8223,516085.0
8224,946040.0
8225,833800.0
8226,983195.0
8227,785600.0
8228,1480650.0
8229,521705.0
8230,1260030.0
8231,776415.0
8232,2385710.0
8233,544526.1
8234,954805.0
8235,790650.0
8236,1028691.6666666667
8237,1612677.5
8238,2350490.0
8239,1607860.0
8240,563950.0
8241,1002360.9
8242,1299730.0
8243,1330970.0
8244,589053.0
8245,746830.0
8246,542095.0
8247,383660.0
8248,745940.0
8249,574170.0
8250,702763.75
8251,763975.0
8252,871995.0
8253,1184350.0
8254,545575.0
8255,797670.0
8256,479400.0
8257,1104320.0
8258,1991723.0
8259,1037230.0
8260,1118825.0
8261,739685.0
8262,1146405.0
8263,913090.0
8264,838370.0
8265,813744.0
8266,1121865.0
8267,1025120.0
8268,868925.0
8269,988161.0
8270,1035560.0
8271,970920.0
8272,1163160.0
8273,817740.0
8274,878180.0
8275,1138670.0
8276,1991723.0
8277,978790.0
8278,854210.0
8279,980475.0
8280,834540.0
8281,666130.0
8282,1069315.0
8283,987440.0
8284,594740.0
8285,426590.0
8286,830500.0
8287,724100.0
8288,601825.0
8289,519360.0
8290,964125.0
8291,802115.0
8292,583425.0
8293,693940.0
8294,626945.0
8295,883575.01
8296,849685.0
8297,714730.0
8298,814895.0
8299,899695.0
8300,620305.0
8301,725760.0
8302,796410.0
8303,802260.0
8304,1086020.0
8305,789530.0
8306,455950.0
8307,583430.0
8308,628242.5
8309,557680.0
8310,424290.0
8311,901086.0
8312,692170.0
8313,369440.0
8314,909540.0
8315,769915.0
8316,391435.0
8317,978830.0
8318,545104.0
8319,1020100.0
8320,1105505.0
8321,969850.0
8322,1114775.0
8323,461680.0
8324,1227625.0
8325,390345.0
8326,817075.0
8327,1995180.0
8328,564907.5
8329,1019187.1428571428
8330,1634675.0
8331,561837.5
8332,679405.0
8333,1007775.0
8334,1837470.0
8335,878040.0
8336,976695.0
8337,2582636.333333333
8338,1291230.0
8339,651125.0
8340,1184605.0
8341,923472.0
8342,1695470.0
8343,1282942.5
8344,1137530.0
8345,1164525.0
8346,607840.0
8347,915556.0
8348,688570.0
8349,1006625.0
8350,985360.0
8351,852880.0
8352,791977.0
8353,2130290.0
8354,2086820.0
8355,423000.0
8356,817360.0
8357,907653.88
8358,1713040.0
8359,1886450.0
8360,1071072.5
8361,756860.0
8362,1051370.0
8363,894010.0
8364,1304380.0
8365,509729.54761904763
8366,841809.7619047619
8367,416455.0
8368,507770.0
8369,1213110.0
8370,518132.5
8371,913390.0
8372,644630.0
8373,808160.0
8374,2852993.333333334
8375,1713945.0
8376,1032950.0
8377,1917908.0
8378,1449770.0
8379,897264.9642857141
8380,785245.0
8381,383513.0
8382,1580670.0
8383,611028.0
8384,372965.0
8385,479535.0
8386,384440.0
8387,705715.0
8388,365053.0
8389,1087935.0
8390,1078750.0
8391,1296785.0
8392,1370830.0
8393,634860.0
8394,1330960.0
8395,1054600.0
8396,823030.0
8397,1450635.0
8398,1042525.0
8399,496885.0
8400,2264850.0
8401,807359.98
8402,955070.0
8403,994810.0
8404,995506.59
8405,888635.0
8406,1010180.0
8407,1106420.0
8408,822130.0
8409,768898.0
8410,930796.6666666667
8411,749410.0
8412,945448.0
8413,622746.0
8414,878960.0
8415,798180.0
8416,714135.0
8417,821900.0
8418,649994.99
8419,693675.0
8420,764980.0
8421,585455.0
8422,722601.0
8423,802236.0
8424,538440.0
8425,670280.0
8426,541371.0
8427,554490.0
8428,529900.0
8429,671210.0
8430,673924.99
8431,523275.0
8432,610950.0
8433,722580.0
8434,720880.0
8435,788890.0
8436,1496410.0
8437,1237160.1
8438,2344960.0
8439,1073245.0
8440,1557490.0
8441,1664360.0
8442,1710940.0
8443,2548350.0
8444,957500.0
8445,1521695.0
8446,984558.0
8447,1332780.0
8448,1372400.0
8449,1342700.0
8450,1151710.0
8451,1320940.0
8452,1615230.0
8453,1625470.0
8454,1261615.0
8455,1115820.0
8456,1202285.0
8457,653237.76
8458,886685.0
8459,462745.3333333334
8460,1159590.0
8461,1447512.76
8462,1027105.0
8463,549565.0
8464,1307750.0
8465,1119496.6666666667
8466,1270250.0
8467,1210795.0
8468,956600.0
8469,400830.0
8470,909810.0
8471,915765.0
8472,1205235.0
8473,1132220.0
8474,877060.0
8475,1162878.0
8476,1006025.0
8477,1121137.5
8478,826825.0
8479,817255.02
8480,939583.0
8481,654620.0
8482,795960.0
8483,701730.0
8484,917104.26
8485,892460.0
8486,1364947.0
8487,455421.88
8488,503357.5
8489,633266.0
8490,349485.0
8491,744260.0
8492,810180.0
8493,905500.0
8494,1275850.0
8495,871265.0
8496,864320.0
8497,343582.75
8498,852470.0
8499,875740.0
8500,985345.0
8501,516300.0
8502,903860.0
8503,909260.0
8504,214645.0
8505,2075250.0
8506,1224410.0
8507,2008715.0
8508,533485.0
8509,1155910.0
8510,1213280.0
8511,1013210.0
8512,1953420.0
8513,1401950.0
8514,459515.0
8515,854420.0
8516,531940.0
8517,474895.0
8518,1188815.0
8519,1246780.0
8520,1468600.0
8521,1724760.0
8522,962990.0
8523,965920.0
8524,857510.0
8525,1082075.0
8526,454918.5
8527,1068285.0833333335
8528,1947600.0
8529,958120.0
8530,973530.0
8531,990896.25
8532,651447.0
8533,992855.0
8534,406465.0
8535,992315.0
8536,1325362.5
8537,591987.5
8538,850730.0
8539,922200.0
8540,462880.0
8541,1060215.0
8542,1102790.0
8543,1144325.0
8544,1491095.0
8545,855065.0
8546,1344415.0
8547,318101.6666666666
8548,951855.0
8549,1072965.0
8550,839815.0
8551,1114720.0
8552,1276795.2
8553,1166358.0
8554,862890.0
8555,738640.0
8556,1012610.0
8557,616545.0
8558,487620.0
8559,771050.0
8560,453915.0
8561,679159.99
8562,586970.0
8563,212085.0
8564,625160.0
8565,592255.0
8566,846240.0
8567,1378410.0
8568,594670.0
8569,579953.0
8570,1094600.0
8571,1130177.0
8572,1417505.0
8573,912415.0
8574,2093050.0
8575,1921460.0
8576,2006350.0
8577,1562975.0
8578,849475.0
8579,1661505.0
8580,1603900.0
8581,972570.0
8582,1200490.0
8583,901645.0
8584,930825.0
8585,473243.0
8586,627295.0
8587,1646090.0
8588,2425145.0
8589,513160.0
8590,754407.0833333333
8591,3539670.0
8592,387265.0
8593,977405.0
8594,726890.0
8595,1822768.0
8596,586435.0
8597,600110.0
8598,653000.0
8599,1220940.0
8600,671725.0
8601,997155.0
8602,356680.0
8603,1714450.0
8604,642779.8095238096
8605,1627990.0
8606,2252400.0
8607,792265.0
8608,532593.8095238095
8609,480680.0
8610,1228129.99
8611,770665.0
8612,465460.0
8613,1042280.0
8614,1240205.0
8615,632222.5
8616,1268030.0
8617,2215020.0
8618,946125.0
8619,1296525.0
8620,1079315.0
8621,708050.0
8622,643510.0
8623,747480.0
8624,911130.0
8625,928405.0
8626,495905.0
8627,632115.0
8628,631937.0
8629,755380.0
8630,360030.0
8631,394360.0
8632,522025.0
8633,462155.0
8634,520875.0
8635,1042045.0
8636,897780.0
8637,667643.6
8638,849700.0
8639,1076140.0
8640,972140.0
8641,910365.0
8642,1763550.0
8643,523205.0
8644,977680.0
8645,379900.0
8646,1763550.0
8647,1463190.0
8648,1214560.0
8649,1329905.0
8650,2728840.0
8651,1666970.0
8652,2151000.0
8653,1115010.0
8654,1217770.0
8655,758360.0
8656,947655.0
8657,1982670.0
8658,1224790.0
8659,813895.0
8660,859525.0
8661,1045075.0
8662,1279927.35
8663,832920.0
8664,1056496.0
8665,764803.0
8666,327359.5
8667,992310.0
8668,1182320.0
8669,327359.5
8670,597665.0
8671,605107.5
8672,598362.5
8673,593152.5
8674,1225585.0
8675,412000.0
8676,1066735.0
8677,766008.0
8678,843981.875
8679,559305.4999999999
8680,743860.0
8681,1147745.0
8682,1042050.0
8683,670995.0
8684,2249040.0
8685,3464500.0
8686,693707.5
8687,315660.5
8688,1277480.0
8689,1233620.0
8690,797020.0
8691,541727.5
8692,704712.5238095238
8693,1031540.0
8694,1578195.0
8695,1403320.0
8696,704712.5238095238
8697,1066765.0
8698,585600.0
8699,661190.0
8700,853640.0
8701,924600.0
8702,391801.0
8703,738265.0
8704,1095530.0
8705,895250.0
8706,445005.0
8707,566880.0
8708,415068.0
8709,1247610.0
8710,1122715.0
8711,530145.0
8712,1641570.0
8713,1047345.0
8714,1527670.0
8715,1085015.0
8716,332115.0
8717,466920.0
8718,358265.0
8719,615415.0
8720,999760.0
8721,1542425.0
8722,615600.0
8723,2275170.0
8724,897775.0
8725,4307050.0
8726,1335300.0
8727,623475.0
8728,787117.0
8729,1615360.0
8730,2340175.0
8731,1136790.0
8732,1232460.0
8733,657820.0
8734,537525.0
8735,1322040.0
8736,1760660.0
8737,2018780.0
8738,1398360.0
8739,1007715.0
8740,1220060.0
8741,637725.0
8742,688945.0
8743,787170.0
8744,2467215.0
8745,400133.33333333326
8746,3135670.0
8747,1906330.0
8748,479935.0
8749,521075.0
8750,652185.0
8751,1253260.0
8752,1074970.0
8753,523085.0
8754,1147125.0
8755,803950.17
8756,699615.0
8757,555070.0
8758,1174185.0
8759,1137090.0
8760,619510.0
8761,682549.0
8762,652954.0
8763,1461110.0
8764,774740.0
8765,350195.0
8766,685260.0
8767,1684670.0
8768,545028.5
8769,1102260.0
8770,1154030.0
8771,960225.0
8772,497125.0
8773,1172090.0
8774,1263925.0
8775,877380.0
8776,926580.0
8777,1087870.0
8778,815417.0
8779,687625.0
8780,504004.0
8781,630285.0
8782,599100.32
8783,941070.0
8784,695490.0
8785,849970.0
8786,438200.0
8787,628075.0
8788,721448.0
8789,635642.5
8790,577480.0
8791,826820.0
8792,1932565.0
8793,2665570.0
8794,543201.0
8795,984980.0
8796,826100.0
8797,899375.0
8798,438920.0
8799,749400.0
8800,1281370.0
8801,315190.0
8802,862490.0
8803,301818.3333333333
8804,765400.0
8805,1901810.0
8806,1597460.0
8807,706430.0
8808,1307135.0
8809,1723450.0
8810,1164590.0
8811,227460.0
8812,1368350.0
8813,877140.0
8814,679845.0
8815,780525.0
8816,800580.0
8817,530375.0
8818,617010.0
8819,2015730.0
8820,513985.0
8821,520545.0
8822,531860.0
8823,835500.0
8824,958675.0
8825,641135.0
8826,495460.0
8827,634980.0
8828,1296110.0
8829,1599730.5
8830,389690.0
8831,1390870.0
8832,497886.6666666665
8833,2628595.0
8834,498668.0
8835,656485.0
8836,787914.0
8837,751440.0
8838,731722.5
8839,706712.5
8840,625775.0
8841,650942.5
8842,790275.0
8843,674450.0
8844,389565.0
8845,791706.0
8846,691851.0
8847,503190.0
8848,669670.0
8849,870830.0
8850,845525.0
8851,646930.0
8852,517010.0
8853,836266.6666666665
8854,764367.19
8855,907795.0
8856,756285.0
8857,531525.0
8858,535640.0
8859,1005090.0
8860,218433.5
8861,750194.0
8862,639190.0
8863,386102.5
8864,713055.0
8865,934788.0
8866,330890.0
8867,526250.0
8868,827955.0
8869,1940215.0
8870,1126451.0
8871,374020.0
8872,539120.0
8873,645300.0
8874,547420.0
8875,471615.0
8876,624515.0
8877,933060.0
8878,937042.0
8879,2132674.0
8880,2132825.0
8881,705871.0
8882,964200.0
8883,1679940.0
8884,1016280.0
8885,1214980.0
8886,1157995.0
8887,1000725.0
8888,1367840.0
8889,1151936.0
8890,1639898.0
8891,1532210.0
8892,989026.0
8893,1431100.0
8894,1974675.0
8895,667145.0
8896,651455.0
8897,682388.0
8898,1271450.0
8899,585137.5
8900,973785.0
8901,838530.0
8902,1630250.0
8903,1462510.0
8904,1483230.0
8905,427260.0
8906,1129355.0
8907,988205.0
8908,592825.0
8909,1483690.0
8910,1866550.0
8911,438038.0
8912,617605.0
8913,971810.0
8914,898830.0
8915,925170.0
8916,775450.0
8917,1380035.0
8918,1589800.0
8919,819570.74
8920,661525.0
8921,1559630.0
8922,1589850.0
8923,2265835.0
8924,424254.1666666666
8925,1008730.0
8926,788195.0
8927,533220.0
8928,865045.0
8929,908308.0
8930,799275.0
8931,640225.0
8932,1114115.0
8933,979250.0
8934,1337215.0
8935,590875.0
8936,470220.0
8937,982958.0
8938,595410.0
8939,605975.0
8940,753455.0
8941,846200.0000000001
8942,630526.98
8943,610620.0
8944,406317.5
8945,865131.6666666665
8946,1204375.0
8947,1266550.0
8948,769390.0
8949,587610.0
8950,595850.0
8951,374925.0
8952,514280.0
8953,515955.0
8954,408335.0
8955,486430.0
8956,628675.0
8957,565272.0
8958,425047.5
8959,678170.0
8960,548310.0
8961,799650.0
8962,764428.0
8963,1851295.0
8964,1409530.0
8965,465670.0
8966,506789.0
8967,684180.0
8968,450995.0
8969,1775983.3333333335
8970,610139.0
8971,528497.5
8972,1908100.0
8973,2963580.0
8974,438342.5
8975,515055.0
8976,787200.0
8977,904052.0
8978,1066710.0
8979,881416.0
8980,665238.3333333334
8981,984406.0
8982,508515.0
8983,650235.0
8984,463805.0
8985,845735.0
8986,846325.0
8987,586290.0
8988,941895.0
8989,382195.0
8990,535440.0
8991,489537.0
8992,954160.0
8993,1270063.3333333335
8994,1035090.0
8995,508570.0
8996,821820.0
8997,1145045.0
8998,974780.0
8999,824490.0
9000,2552820.0
9001,1454710.0
9002,2377430.0
9003,2050430.0
9004,1808550.0
9005,743090.0
9006,2099330.0
9007,529601.0
9008,634865.0
9009,726920.0
9010,1936060.0
9011,1498901.6666666665
9012,1753150.0
9013,1856465.0
9014,1765940.0
9015,2231425.0
9016,935380.0
9017,897560.0
9018,323120.0
9019,1658230.0
9020,1620966.0
9021,2856465.0
9022,938170.0
9023,708612.0
9024,894678.0
9025,1416290.0
9026,1727800.0
9027,1578610.0
9028,1247665.0
9029,1150035.0
9030,1486585.0
9031,931035.0
9032,1608675.0
9033,1503850.0
9034,1599196.88
9035,719495.0
9036,2479700.0
9037,1671720.0
9038,1143876.0
9039,850000.0
9040,814609.82
9041,819200.0
9042,1703750.0
9043,716601.0
9044,624950.0
9045,1340800.0
9046,1239945.0
9047,1192430.0
9048,1859745.0
9049,2047930.0
9050,2338010.0
9051,1079600.0
9052,2017660.0
9053,1483685.0
9054,1405520.0
9055,1255485.0
9056,721519.0
9057,720465.0
9058,1714370.0
9059,858335.0
9060,717470.0
9061,1489621.666666667
9062,644050.0
9063,546535.0
9064,1117930.0
9065,1176570.0
9066,1274500.0
9067,1164865.0
9068,1391605.0
9069,735565.0
9070,955496.0
9071,730440.0
9072,1136700.0
9073,841980.0
9074,2935680.0
9075,1308360.0
9076,2005350.0
9077,821530.0
9078,1397560.0
9079,1472395.0
9080,1225190.0
9081,1352895.0
9082,1508440.0
9083,643685.0
9084,595470.0
9085,949047.0
9086,539275.0
9087,821085.0
9088,867050.0
9089,689245.0
9090,437000.0
9091,354225.0
9092,665040.0
9093,1103015.0
9094,689960.0
9095,554560.0
9096,843085.0
9097,786330.0
9098,1182450.0
9099,754855.1
9100,1258978.0
9101,1001080.0
9102,891780.0
9103,1411840.0
9104,698155.0
9105,923965.0
9106,1501610.0
9107,1073390.0
9108,790100.0
9109,727850.0
9110,850775.0
9111,637575.0
9112,698316.0
9113,1024410.0
9114,722795.0
9115,638770.0
9116,868800.0
9117,653060.0
9118,608860.0
9119,404715.0
9120,830863.0
9121,2383665.0
9122,1266920.0
9123,1355150.0
9124,1577008.0
9125,1413449.0
9126,1653600.0
9127,1567865.0
9128,558195.0
9129,729020.0
9130,683350.0
9131,882140.0
9132,961415.0
9133,873190.0
9134,499853.6
9135,718007.5
9136,410295.0
9137,652980.0
9138,567690.0
9139,605510.0
9140,610330.0
9141,624185.0
9142,735080.0
9143,985155.0
9144,1336475.0
9145,949400.0
9146,1160460.0
9147,845255.0
9148,1970165.0
9149,1278470.0
9150,700490.0
9151,673857.0
9152,734360.0
9153,844280.0
9154,710790.0
9155,787883.0
9156,1372435.0
9157,2090233.3333333335
9158,298270.0
9159,645460.0
9160,935060.0
9161,727760.0
9162,517555.0
9163,1796070.0
9164,1582255.0
9165,1006680.0
9166,800370.0
9167,676590.0
9168,797150.0
9169,762260.17
9170,644520.0
9171,1065490.0
9172,817540.0
9173,723125.0
9174,804615.0
9175,614285.0
9176,664370.0
9177,836690.0
9178,948530.0
9179,4561830.0
9180,2939440.0
9181,502770.01
9182,1052980.0
9183,1556074.5714285714
9184,745562.5
9185,1830845.0
9186,2179365.0
9187,1467905.0
9188,706000.0
9189,942665.0
9190,842615.0
9191,1170680.0
9192,522895.0
9193,503610.0
9194,509610.0
9195,1042660.0
9196,544708.0
9197,1380360.0
9198,929515.0
9199,1221125.0
9200,2341840.0
9201,520170.0
9202,626686.0
9203,691281.0
9204,846080.0
9205,1006990.0
9206,682735.0
9207,850990.0
9208,1059515.0
9209,569595.0
9210,697885.0
9211,2153870.0
9212,2238830.0
9213,784520.0
9214,763424.5
9215,1113420.0
9216,572510.0
9217,1000070.0
9218,3936760.0
9219,577900.0
9220,420120.0
9221,2020150.0
9222,1835195.0
9223,567065.0
9224,1121475.0
9225,1669240.0
9226,410265.0
9227,412690.0
9228,390930.0
9229,814120.0
9230,776192.5
9231,891700.0
9232,1907430.0
9233,5057870.0
9234,2155240.0
9235,677465.0
9236,744665.0
9237,709100.0
9238,580975.0
9239,635165.0
9240,1827410.0
9241,1035695.0
9242,753850.0
9243,1037295.0
9244,863089.82
9245,703870.0
9246,461227.5
9247,1193138.47
9248,717460.0
9249,606985.0
9250,1572690.0
9251,987235.0
9252,1481066.88
9253,913440.0
9254,1155115.0
9255,319680.0
9256,650540.0
9257,710525.0
9258,1341840.0
9259,1024025.0
9260,1239650.0
9261,1053362.0
9262,457325.0
9263,1134386.66
9264,1376265.0
9265,1222650.0
9266,939680.0
9267,742828.0
9268,1112929.7
9269,931600.0
9270,288295.0
9271,492845.1
9272,1332736.88
9273,1448170.0
9274,692630.0
9275,1612505.0
9276,1302360.0
9277,617607.5
9278,638050.0
9279,1579380.0
9280,786530.0
9281,1342975.0
9282,928705.0
9283,1095300.0
9284,904170.0
9285,627057.5
9286,959095.0
9287,1191112.5
9288,919510.0
9289,477645.0
9290,695960.0
9291,1009675.0
9292,940245.0
9293,900625.0
9294,1856060.0
9295,1066760.0
9296,1264745.0
9297,981590.0
9298,819188.35
9299,522545.0
9300,829006.0
9301,611840.0
9302,1707240.0
9303,1490872.5
9304,1259880.0
9305,584870.0
9306,789728.0
9307,992345.0
9308,1143480.0
9309,661240.0
9310,620355.0
9311,433070.0
9312,2082230.0
9313,1637860.0
9314,2144950.0
9315,554945.0
9316,554020.0
9317,1263665.0
9318,1131710.0
9319,822140.0
9320,841080.0
9321,522080.0
9322,903750.0
9323,623265.0
9324,903125.0
9325,743005.0
9326,1902375.0
9327,1340210.0
9328,818050.0
9329,2006050.0
9330,525910.0
9331,440356.0
9332,687360.0
9333,598963.3333333333
9334,451985.5
9335,1600490.0
9336,757405.0
9337,489987.5
9338,427137.5
9339,774120.0
9340,705565.0
9341,570705.0
9342,730615.0
9343,660530.0
9344,748705.0
9345,689950.0
9346,777070.0
9347,1323535.0
9348,1048800.0
9349,594620.0
9350,703895.0
9351,713215.0
9352,481840.52
9353,1223610.0
9354,1044965.0
9355,1444175.0
9356,520790.03
9357,1703106.0
9358,712037.5
9359,641165.0
9360,355460.0
9361,1216445.0
9362,1035750.0
9363,822000.0
9364,805840.0
9365,1123010.0
9366,1206010.0
9367,664210.0
9368,533975.0
9369,560500.0
9370,502150.0
9371,457543.5
9372,429217.5
9373,766405.0
9374,424381.0
9375,1072655.0
9376,505610.0
9377,1051280.0
9378,754920.0
9379,552325.0
9380,1179226.0
9381,1307460.0
9382,1374385.0
9383,2559070.0
9384,1216600.0
9385,2010400.0
9386,992155.0
9387,1410811.33
9388,915206.6666666667
9389,1152613.0833333333
9390,543800.0
9391,690655.0
9392,719650.0
9393,742702.0
9394,1669560.0
9395,2387130.0
9396,829720.0
9397,645040.0
9398,722070.0
9399,752220.0
9400,859990.0
9401,608220.0
9402,3495670.0
9403,1468925.0
9404,1667850.0
9405,1402565.0
9406,1247072.0
9407,2124605.0
9408,1613920.0
9409,1705970.0
9410,873710.0
9411,978910.0
9412,741060.0
9413,2354640.0
9414,1835185.0
9415,2940450.0
9416,1513440.0
9417,1370360.0
9418,2429140.0
9419,2005750.0
9420,1718370.0
9421,1548150.0
9422,568868.88
9423,921670.0
9424,655731.0
9425,2690320.0
9426,1041015.0
9427,1568935.0
9428,1280637.5
9429,1503415.0
9430,912580.0
9431,1465070.0
9432,1334845.0
9433,847820.0
9434,1217510.0
9435,631904.98
9436,819625.0
9437,1137790.0
9438,1277365.0
9439,1141640.0
9440,1305538.0
9441,1296415.0
9442,903825.0
9443,683700.0
9444,859420.0
9445,1952175.0
9446,1439400.0
9447,2108888.88
9448,1485985.0
9449,1653585.0
9450,352055.0
9451,453440.0
9452,509537.76
9453,1846515.0
9454,868490.0
9455,1471310.0
9456,990570.0
9457,312270.0
9458,1155840.0
9459,771035.0
9460,1261065.0
9461,703385.0
9462,662245.0
9463,744440.0
9464,1322040.0
9465,905615.0
9466,1503420.0
9467,1037725.0
9468,1521005.0
9469,883865.0
9470,1887300.0
9471,2415620.0
9472,1799650.0
9473,1778180.0
9474,1025845.0
9475,1676898.76
9476,516240.0
9477,575490.0
9478,352620.0
9479,1202690.0
9480,827175.0
9481,1214900.0
9482,1066510.0
9483,1158840.0
9484,907540.0
9485,592050.0
9486,1318000.0
9487,1373480.0
9488,772963.0
9489,1084450.0
9490,387743.0
9491,603685.0
9492,600220.0
9493,840660.0
9494,859558.38
9495,1463775.0
9496,851200.0
9497,935197.0
9498,835710.0
9499,1078555.0
9500,975885.0
9501,1264415.0
9502,1107364.0
9503,1043865.0
9504,1494143.0
9505,1496929.99
9506,895488.0
9507,1321280.0
9508,1117101.0
9509,2005170.0
9510,1821700.0
9511,1185210.0
9512,1466570.0
9513,542552.5
9514,872160.0
9515,1078270.0
9516,960860.0
9517,737125.0
9518,852135.0
9519,901515.0
9520,787955.0
9521,1215240.0
9522,601480.0
9523,555042.1428571428
9524,2050545.0
9525,634910.0
9526,562541.0
9527,657635.0
9528,557575.0
9529,997820.0
9530,1044795.0
9531,567895.0
9532,1108250.0
9533,1247438.3333333335
9534,778555.0
9535,624045.0
9536,719355.0
9537,1027739.99
9538,1239271.64
9539,1553256.6666666665
9540,1595210.0
9541,674565.0
9542,1295205.0
9543,262330.0
9544,818090.0
9545,470776.66666666674
9546,876055.0
9547,1166790.0
9548,1162550.0
9549,508890.0
9550,701417.3333333333
9551,676368.5
9552,685828.5
9553,2272580.0
9554,1593480.0
9555,2498555.0
9556,1789600.0
9557,2062503.88
9558,720965.0
9559,1506108.0
9560,1622980.0
9561,752075.0
9562,434400.0
9563,755010.0
9564,872642.0733333332
9565,636458.3333333333
9566,768305.0
9567,765270.0
9568,609060.0
9569,1015285.0
9570,765550.0
9571,2051560.0
9572,1922140.0
9573,773055.0
9574,2077820.0
9575,6346185.0
9576,394985.01
9577,550850.0
9578,1201000.0
9579,2274185.0
9580,2755650.0
9581,3202720.0
9582,2278620.0
9583,679690.0
9584,702323.0
9585,831745.0
9586,1259700.0
9587,649127.5
9588,1223490.0
9589,1332960.0
9590,588950.0
9591,897823.5
9592,538878.0
9593,530375.0
9594,1079109.0
9595,1157860.0
9596,2240030.0
9597,613135.0
9598,1090435.0
9599,958136.0
9600,718806.0
9601,1055000.0
9602,720178.2
9603,400720.0
9604,1092735.0
9605,1293445.0
9606,374260.0
9607,3097000.0
9608,1532645.0
9609,1910040.0
9610,1116858.24
9611,740265.0
9612,652345.0
9613,715585.0
9614,419600.0
9615,858245.0
9616,468965.0
9617,2904530.0
9618,296465.0
9619,967520.0
9620,776355.0
9621,430740.0
9622,411087.5
9623,1010950.0
9624,1654260.0
9625,795940.0
9626,738575.0
9627,516665.0
9628,526002.0
9629,593340.0
9630,2568100.0
9631,812650.0
9632,1277315.0
9633,832441.0
9634,1827410.0
9635,265870.0
9636,1277410.0
9637,699330.0
9638,583460.0
9639,1333165.0
9640,1191780.0
9641,477010.0
9642,1484550.0
9643,1365910.0
9644,1356615.0
9645,1465330.0
9646,1700463.88
9647,1920038.0
9648,1643885.0
9649,731380.0
9650,819330.0
9651,926720.0
9652,920310.0
9653,644985.0
9654,1460990.0
9655,1034543.3333333335
9656,1255980.0
9657,1566200.0
9658,652110.0
9659,969790.0
9660,661220.0
9661,623640.0
9662,1013220.0
9663,914772.5
9664,1241230.0
9665,1434340.0
9666,471980.0
9667,857840.0
9668,1367800.0
9669,951030.0
9670,1244795.0
9671,839926.0
9672,815480.0
9673,1048184.78
9674,741845.0
9675,824653.0
9676,1181952.0
9677,674725.0
9678,910595.0
9679,1293538.47
9680,1029887.5
9681,869985.0
9682,1192080.0
9683,1114580.02
9684,583375.0
9685,1256270.0
9686,1358015.0
9687,850525.0
9688,1894495.0
9689,1519000.0
9690,658485.0
9691,415985.0
9692,1889125.0
9693,2584455.0
9694,1013995.0
9695,997980.0
9696,946445.0
9697,525295.0
9698,915960.0
9699,632220.0
9700,842355.0
9701,809200.0
9702,1151030.0
9703,1172245.0
9704,1163430.0
9705,1130765.0
9706,1141000.0
9707,502305.0
9708,1276495.0
9709,655416.6666666667
9710,588735.0
9711,849275.0
9712,1062170.0
9713,759250.0
9714,613265.0
9715,1119722.74
9716,1147667.0
9717,879865.0
9718,779105.0
9719,1224890.0
9720,885435.0
9721,308185.0
9722,960145.0
9723,572307.18
9724,1093380.0
9725,410783.0
9726,883595.0
9727,731340.0
9728,638245.0
9729,431730.0
9730,486245.0
9731,603890.0
9732,607130.0
9733,529570.0
9734,816730.0
9735,466935.0
9736,668294.1666666667
9737,771835.0
9738,777425.0
9739,495200.0
9740,755270.0
9741,901750.0
9742,494975.0
9743,599850.0
9744,753845.0
9745,754855.0
9746,1832295.0
9747,1215680.0
9748,722535.26
9749,1088795.0
9750,1104450.0
9751,2333980.0
9752,1081010.0
9753,1084025.0
9754,1236120.0
9755,893800.0
9756,1628520.0
9757,771305.0
9758,958710.0
9759,840850.0
9760,451245.0
9761,731820.0
9762,1421170.0
9763,1079602.0
9764,889680.0
9765,1225130.0
9766,717370.0
9767,912540.0
9768,537290.0
9769,1114885.0
9770,1831760.0
9771,1786650.0
9772,356420.0
9773,956000.0
9774,1267520.0
9775,847510.0
9776,998610.0
9777,849130.0
9778,987970.0
9779,1160915.0
9780,1316895.0
9781,1064615.0
9782,1779490.0
9783,1404663.0
9784,853480.0
9785,1449990.0
9786,2151833.333333333
9787,1395955.0
9788,2782720.0
9789,703179.0
9790,1019200.0
9791,709435.0
9792,756030.0
9793,1795020.0
9794,1523035.0
9795,859525.0
9796,1807845.0
9797,1137502.0
9798,683075.0
9799,879560.0
9800,1558650.0
9801,1459530.0
9802,1191300.0
9803,1998753.0
9804,811045.0
9805,598010.0
9806,2231602.5
9807,2799400.0
9808,2796760.0
9809,2363460.0
9810,1384395.0
9811,1424390.0
9812,906390.0
9813,569800.0
9814,1128390.0
9815,786205.0
9816,1403890.0
9817,1380150.0
9818,771760.0
9819,832210.0
9820,696090.0
9821,1419180.0
9822,1242560.0
9823,743890.0000000001
9824,1332310.0
9825,1078400.0
9826,681760.0
9827,1676260.0
9828,2121415.0
9829,1845960.0
9830,870835.0
9831,1176500.0
9832,645600.0
9833,1737090.0
9834,1783600.0
9835,982345.0
9836,782435.0
9837,854930.0
9838,885555.0
9839,1317050.0
9840,907050.0
9841,1170152.5
9842,1536490.0
9843,786705.0
9844,891782.0
9845,1034000.0
9846,989120.0
9847,1129665.0
9848,667780.0
9849,523715.0
9850,434610.0
9851,939871.0
9852,739355.0
9853,893870.0
9854,413610.0
9855,363270.0
9856,609770.0
9857,673524.0
9858,689160.0
9859,625585.0
9860,822355.0
9861,812385.0
9862,1010450.0
9863,1196080.0
9864,1354355.0
9865,940150.0
9866,774321.25
9867,886390.0
9868,897045.0
9869,1760605.0
9870,1111525.0
9871,682360.9
9872,410880.0
9873,888925.0
9874,671715.0
9875,1322810.0
9876,757118.35
9877,646852.0
9878,658221.65
9879,1277720.0
9880,1469440.0
9881,1504755.0
9882,920470.0
9883,546950.0
9884,579520.0
9885,900505.0
9886,944695.0
9887,657195.0
9888,2955105.0
9889,2180650.0
9890,1585560.0
9891,2612680.0
9892,2497970.0
9893,1060605.0
9894,498210.0
9895,772680.0
9896,1007480.0
9897,1180755.0
9898,955035.0
9899,726905.0
9900,915510.0
9901,935610.0
9902,719165.0
9903,702110.0
9904,788560.0
9905,799310.0
9906,1611020.0
9907,1337480.0
9908,2919450.0
9909,1163055.0
9910,682365.0
9911,818275.0
9912,936865.0
9913,1310995.0
9914,1812205.0
9915,2069160.0
9916,2189705.0
9917,1375800.0
9918,1548360.0
9919,1011090.0
9920,777020.0
9921,813075.0
9922,1335655.0
9923,1402210.0
9924,639860.0
9925,493970.0
9926,2172290.0
9927,1042840.0
9928,929860.0
9929,565905.0
9930,849702.0
9931,653435.0
9932,575070.0
9933,1193880.0
9934,385300.0
9935,859915.0
9936,1819813.333333333
9937,854222.5
9938,767640.0
9939,2756610.0
9940,720365.0
9941,706360.0
9942,705630.0
9943,554525.0
9944,495440.0
9945,749100.0
9946,1265030.0
9947,1730930.0
9948,3260545.0
9949,843750.0
9950,950575.0
9951,470820.0
9952,406570.0
9953,405397.5
9954,443797.5
9955,670080.0
9956,454112.5
9957,751295.0
9958,449985.0
9959,1741014.0
9960,1003295.0
9961,798820.0
9962,297665.0
9963,1316547.0
9964,1443942.5
9965,1040861.94
9966,1055365.0
9967,795212.0
9968,1576600.0
9969,1449330.0
9970,1011129.0
9971,863425.0
9972,1380095.0
9973,905890.0
9974,1327550.0
9975,1188510.0
9976,395570.0
9977,1883615.0
9978,611120.0
9979,1204255.0
9980,1137220.0
9981,1131345.0
9982,1334290.0
9983,670405.0
9984,584776.9
9985,889190.0
9986,1656620.0
9987,987485.0
9988,1262590.0
9989,1467870.0
9990,1325245.0
9991,1306125.0
9992,1142780.0
9993,808755.0
9994,1048184.78
9995,530250.0
9996,1768765.0
9997,1191300.0
9998,1348565.0
9999,1188742.0
10000,1253300.0
10001,1155780.0
10002,811210.0
10003,514691.98
10004,1293538.47
10005,1218890.0
10006,954855.0
10007,819353.35
10008,755677.5
10009,768330.0
10010,916905.0
10011,997750.0
10012,648000.0
10013,1217570.0
10014,1150260.0
10015,701970.0
10016,659620.0
10017,889200.0
10018,1429950.0
10019,974213.3333333333
10020,610465.0
10021,819270.0
10022,887765.0
10023,626080.0
10024,308951.6666666666
10025,899105.0
10026,380970.0
10027,528165.0
10028,979250.0
10029,362855.0
10030,1293590.0
10031,946070.0
10032,1443660.0
10033,781720.0
10034,1169070.0
10035,993495.0
10036,770915.0
10037,1042665.0
10038,886680.0
10039,621841.34
10040,1697590.0
10041,2187550.0
10042,904615.0
10043,1310320.0
10044,1093310.0
10045,1112620.0
10046,1582170.0
10047,516272.5
10048,813530.0
10049,1007744.0
10050,1842240.0
10051,908515.0
10052,796765.0
10053,594830.0
10054,1800990.0
10055,861630.0
10056,1600620.0
10057,725680.0
10058,760154.0
10059,553290.0
10060,1969375.0
10061,1266145.0
10062,715170.0
10063,1507390.0
10064,1789845.0
10065,1214500.0
10066,1354720.0
10067,627600.0
10068,497525.0
10069,641645.0
10070,782490.0
10071,1223285.0
10072,1305910.0
10073,1040270.0
10074,1317430.0
10075,714175.0
10076,819650.0
10077,1194465.0
10078,1420510.0
10079,1773488.0
10080,1356490.0
10081,1300806.0
10082,838610.0
10083,1030095.0
10084,1089826.0
10085,1206120.0
10086,837210.0
10087,764150.0
10088,1322790.0
10089,1215436.99
10090,972055.0
10091,2043540.0
10092,847955.0
10093,510110.0
10094,1304960.0
10095,2580150.0
10096,661990.0
10097,833180.0
10098,1638150.0
10099,1947380.0
10100,595370.0
10101,910997.5
10102,926580.0
10103,451315.0
10104,637320.0
10105,1917890.0
10106,1436870.0
10107,936415.0
10108,1387854.0
10109,1019345.0
10110,1928860.0
10111,1774825.0
10112,1218510.0
10113,832330.0
10114,539075.0
10115,698967.0
10116,615229.4
10117,820450.0
10118,1451710.0
10119,1313425.0
10120,2042711.57
10121,1927980.0
10122,1527660.0
10123,736565.0
10124,2126220.0
10125,808050.0
10126,2122776.6666666665
10127,733590.0
10128,897850.0
10129,420215.0
10130,1464720.0
10131,1147375.0
10132,1522930.0
10133,876445.0
10134,1751156.56
10135,1431105.04
10136,907805.0
10137,692830.0
10138,719965.0
10139,1152250.0
10140,684845.0
10141,1367434.0
10142,661570.34
10143,1406398.0
10144,1403660.0
10145,3088070.0
10146,2523370.0
10147,1226420.0
10148,1764076.88
10149,2165285.0
10150,1684410.0
10151,840685.0
10152,496060.0
10153,736855.0
10154,948470.0
10155,1434610.0
10156,1510980.0
10157,1299720.0
10158,681770.0
10159,2367680.0
10160,1423020.0
10161,464220.52
10162,1280463.88
10163,1290255.0
10164,1222110.0
10165,469051.04
10166,278980.0
10167,1198495.0
10168,980735.0
10169,1093070.0
10170,685840.0
10171,872250.0
10172,1186420.0
10173,1723775.0
10174,594580.0
10175,1567130.0
10176,1221665.0
10177,1595420.0
10178,710560.0
10179,819088.0
10180,701008.0
10181,1611010.0
10182,1401310.0
10183,1791305.0
10184,2342365.0
10185,4183840.0
10186,861773.3333333333
10187,1105990.0
10188,1536700.0
10189,951410.0
10190,1470815.0
10191,623616.1
10192,739115.0
10193,405807.5
10194,1369745.0
10195,1563480.0
10196,512217.5
10197,1015870.0
10198,637150.0
10199,1124880.0
10200,818580.0
10201,904718.48
10202,1080670.0
10203,770135.0
10204,1371950.0
10205,562735.0
10206,1593210.0
10207,1138430.0
10208,888670.0
10209,517460.0
10210,1101280.0
10211,959060.0
10212,334045.0
10213,500020.0
10214,564630.0
10215,443525.0
10216,436800.0
10217,594290.0
10218,1202125.0
10219,745530.0
10220,668420.0
10221,895890.0
10222,899770.0
10223,803815.0
10224,603470.0
10225,639490.0
10226,574444.0
10227,579005.0
10228,629300.0
10229,442557.5
10230,1279590.0
10231,557970.0
10232,1532362.0
10233,1156840.0
10234,1289710.0
10235,860950.0
10236,1423025.0
10237,1374425.0
10238,1282874.0
10239,2386865.0
10240,1742015.0
10241,636060.0
10242,1255470.0
10243,1905490.0
10244,893375.0
10245,853880.0
10246,908555.0
10247,890230.0
10248,887255.0
10249,1322610.0
10250,627220.0
10251,1563210.0
10252,546035.0
10253,587700.0
10254,398470.0
10255,551030.0
10256,513510.0
10257,594735.0
10258,452410.0
10259,1640580.0
10260,823630.0
10261,826070.0
10262,283612.0
10263,853030.0
10264,439820.0
10265,1076100.0
10266,689810.0
10267,768810.0
10268,754960.0
10269,786675.52
10270,580845.0
10271,669055.0
10272,663230.0
10273,1313300.0
10274,1044095.0
10275,457865.0
10276,955225.0
10277,1107620.0
10278,435312.14285714284
10279,645845.0
10280,1219435.0
10281,504380.0
10282,588925.0
10283,755375.0
10284,1497363.0
10285,1938440.0
10286,785905.0
10287,653485.0
10288,926370.0
10289,522010.0
10290,2958450.0
10291,1525740.0
10292,1541930.0
10293,1387355.0
10294,1345490.0
10295,1149143.88
10296,1408510.0
10297,1200350.0
10298,1080328.0
10299,656885.0
10300,864460.0
10301,366290.0
10302,891914.0
10303,697325.0
10304,888685.0
10305,804385.0
10306,761810.0
10307,747540.0
10308,731095.0
10309,734265.0
10310,540797.0
10311,828395.0
10312,2529435.0
10313,1554640.0
10314,2536900.0
10315,579925.0
10316,803655.0
10317,2765410.0
10318,1794240.0
10319,2239950.0
10320,1800705.0
10321,1704315.0
10322,623250.0
10323,3081560.0
10324,3444870.0
10325,669290.0
10326,752178.88
10327,429640.0
10328,2398276.6666666665
10329,528637.5
10330,714630.0
10331,692360.0
10332,770075.0
10333,682980.0
10334,974165.0
10335,669537.0
10336,634620.0
10337,646610.0
10338,467580.0
10339,545080.0
10340,1414765.0
10341,700445.0
10342,723672.0
10343,519096.0
10344,550111.0
10345,453665.5
10346,518175.0
10347,512531.0
10348,683049.0
10349,509105.0
10350,478547.0
10351,1117640.0
10352,1231340.0
10353,1387500.0
10354,1583230.0
10355,642405.0
10356,841955.0
10357,741453.33
10358,774076.0
10359,770710.0
10360,712150.0
10361,731279.0
10362,408470.0
10363,580211.0
10364,1372140.0
10365,1188770.0
10366,2484160.0
10367,837090.0
10368,653560.0
10369,2973270.0
10370,1241160.0
10371,2287465.0
10372,1523430.0
10373,1263445.0
10374,555630.0
10375,1228308.64
10376,1012099.98
10377,396170.0
10378,616005.0
10379,539815.0
10380,602200.0
10381,679235.0
10382,808090.0
10383,2461480.0
10384,1773930.0
10385,973360.0
10386,2293152.0
10387,504413.3333333334
10388,478470.0
10389,1339012.0
10390,398290.0
10391,1173370.0
10392,2331550.0
10393,688400.0
10394,322532.5
10395,376615.0
10396,486665.0
10397,958945.0
10398,1415495.0
10399,3216920.0
10400,1852610.0
10401,444072.5
10402,728430.0
10403,686770.0
10404,687793.88
10405,771900.0
10406,868968.0
10407,1032199.99
10408,846480.0
10409,1528780.0
10410,1075082.0
10411,881636.0
10412,1013390.0
10413,851435.0
10414,754030.0
10415,1108880.0
10416,719620.0
10417,1098905.0
10418,1166135.0
10419,1392806.0
10420,698540.0
10421,1687268.0
10422,1428980.0
10423,669430.0
10424,820870.0
10425,1589440.0
10426,460892.5
10427,1143923.0
10428,748160.0
10429,1022710.0
10430,973702.0
10431,827185.0
10432,705605.0
10433,773105.0
10434,772380.0
10435,1095420.0
10436,1704880.0
10437,771830.0
10438,1241275.0
10439,1472370.0
10440,2037140.0
10441,1201380.0
10442,1635560.0
10443,1128113.0
10444,1479410.52
10445,799555.0
10446,927555.0
10447,1157925.0
10448,1281320.0
10449,956338.0
10450,1637440.0
10451,573485.0
10452,1248210.0
10453,1460935.0
10454,1175311.94
10455,1304120.0
10456,1386875.0
10457,499165.0
10458,860745.0
10459,793045.0
10460,736075.0
10461,716890.0
10462,462190.0
10463,678440.0
10464,1257985.0
10465,543530.0
10466,739950.0
10467,714672.5
10468,839325.0
10469,1032995.0
10470,1149380.0
10471,626655.0
10472,964040.0
10473,1081220.0
10474,652437.5
10475,1113855.0
10476,1068210.0
10477,977315.0
10478,630310.0
10479,863835.0
10480,571595.0
10481,633505.0
10482,455942.5
10483,741710.0
10484,839095.0
10485,1032480.0
10486,1256830.0
10487,1269130.0
10488,688752.0
10489,325280.0
10490,1263905.0
10491,915470.0
10492,600692.88
10493,1066700.0
10494,1001324.0
10495,1166705.0
10496,510590.0
10497,717710.0
10498,726985.0
10499,2002020.0
10500,814640.0
10501,1173060.0
10502,846200.0000000001
10503,882025.0
10504,978386.0
10505,847490.0
10506,776930.0
10507,3523630.0
10508,1522730.0
10509,2907460.0
10510,415325.0
10511,612105.0
10512,614700.0
10513,1248810.0
10514,948195.0
10515,656395.0
10516,676530.0
10517,1279510.0
10518,493260.0
10519,870865.0
10520,562475.0
10521,811615.0
10522,962070.0
10523,251465.0
10524,739246.0
10525,667263.0
10526,873800.0
10527,2377975.0
10528,1731430.0
10529,1464820.0
10530,1678540.0
10531,635780.0
10532,1080220.0
10533,1352548.0
10534,1299957.0
10535,1359060.0
10536,675290.0
10537,593720.0
10538,671480.0
10539,717705.0
10540,667870.0
10541,1200215.0
10542,1367750.0
10543,420875.0
10544,555155.0
10545,689445.0
10546,781370.0
10547,855530.0
10548,1290090.0
10549,745430.0
10550,707460.0
10551,541175.0
10552,392041.0
10553,611442.0
10554,679362.5
10555,519775.0
10556,607365.0
10557,1209781.0
10558,1268372.88
10559,1073094.0
10560,1331830.0
10561,827205.0
10562,961330.0
10563,677805.0
10564,1112345.0
10565,617441.88
10566,610300.0
10567,698291.6666666665
10568,3214930.0
10569,1548325.0
10570,1011415.0
10571,994425.0
10572,816440.0
10573,682730.0
10574,731895.0
10575,1004850.0
10576,336350.0
10577,339405.0
10578,1535100.0
10579,911418.88
10580,540917.5
10581,427250.0
10582,974983.96
10583,953688.96
10584,479715.0
10585,1222034.0
10586,784600.0
10587,867329.99
10588,2118634.0
10589,820825.0
10590,805290.0
10591,608230.0
10592,1218990.0
10593,595020.0
10594,1690060.0
10595,451585.0
10596,437465.0
10597,571662.0
10598,1475985.0
10599,941965.0
10600,1068200.0
10601,1450420.0
10602,921095.0
10603,313840.0
10604,720190.0
10605,682555.0
10606,1458060.0
10607,1216175.0
10608,1570400.0
10609,620610.0
10610,742820.0
10611,2438700.0
10612,1501735.0
10613,728602.5
10614,304390.0
10615,539770.9
10616,1329340.0
10617,472180.0
10618,427770.0
10619,725960.0
10620,668231.98
10621,609095.0
10622,960175.0
10623,995286.0
10624,787590.0
10625,801920.0
10626,885930.0
10627,366550.0
10628,1359090.0
10629,573305.0
10630,650975.16
10631,866169.28
10632,773773.88
10633,743916.0
10634,725390.0
10635,1016559.46
10636,505745.0
10637,636550.0
10638,944895.0
10639,571130.0
10640,654115.0
10641,765470.0
10642,840675.0
10643,872220.0
10644,1340340.0
10645,1442130.0
10646,1592190.0
10647,1343120.0
10648,1469550.0
10649,1417660.0
10650,1378050.0
10651,685465.0
10652,1288100.0
10653,1243330.0
10654,652805.0
10655,832370.0
10656,418215.0
10657,358890.0
10658,514768.0
10659,547855.0
10660,398675.0
10661,416885.0
10662,975630.0
10663,315190.0
10664,1335315.0
10665,667390.0
10666,1608652.0
10667,790460.0
10668,792890.9
10669,453958.0
10670,939665.0
10671,773520.0
10672,581605.0
10673,1001170.0
10674,699472.0
10675,276025.0
10676,330160.0
10677,503470.0
10678,1724630.0
10679,1147298.0
10680,692110.0
10681,792630.0
10682,700860.0
10683,406630.0
10684,626025.0
10685,679771.6666666667
10686,883870.0
10687,971205.0
10688,762080.0
10689,801105.0
10690,730460.0
10691,603595.0
10692,495355.0
10693,1099560.0
10694,530590.0
10695,741885.0
10696,625510.08
10697,435055.0
10698,465800.0
10699,618019.1
10700,1346430.0
10701,840035.0
10702,643520.0
10703,614115.0
10704,463560.0
10705,1414960.0
10706,1850305.0
10707,686280.0
10708,1455680.0
10709,1915160.0
10710,1422660.0
10711,880940.0
10712,1236635.0
10713,594968.02
10714,694890.0
10715,619530.0
10716,663780.0
10717,632932.0
10718,952390.0
10719,742480.0
10720,691255.0
10721,619695.0
10722,473903.33333333326
10723,766580.0
10724,397930.0
10725,1238040.0
10726,1517420.0
10727,467820.0
10728,816947.0
10729,708725.0
10730,716725.0
10731,623385.0
10732,663496.6666666666
10733,491400.0
10734,881020.0
10735,349463.01
10736,1349140.0
10737,475935.0
10738,458510.0
10739,1041320.0
10740,578360.0
10741,385895.0
10742,324975.0
10743,593815.0
10744,1258793.47
10745,969390.0
10746,731560.0
10747,685305.0
10748,734865.0
10749,732815.0
10750,666145.0
10751,725895.0
10752,609225.0
10753,612800.0
10754,617000.0
10755,598025.0
10756,1035805.0
10757,503130.0
10758,757349.82
10759,1210580.0
10760,1265340.0
10761,1272606.64
10762,685921.0
10763,1387133.88
10764,1474470.0
10765,1157548.0
10766,1211015.0
10767,847190.0
10768,1736750.0
10769,1018360.0
10770,1125802.0
10771,1830330.0
10772,1436950.0
10773,1068225.0
10774,643520.0
10775,770980.0
10776,622020.0
10777,1118790.0
10778,656340.0
10779,977950.0
10780,1116895.0
10781,1302986.0
10782,902101.0
10783,902530.0
10784,1077846.0
10785,874840.0
10786,1129435.0
10787,316900.0
10788,1885560.0
10789,1769385.0
10790,914375.0
10791,1080660.0
10792,678053.3333333335
10793,974328.3333333333
10794,804145.0
10795,1104050.0
10796,910070.0
10797,546900.0
10798,422137.5
10799,766060.0
10800,663605.0
10801,687160.0
10802,622437.5
10803,1162845.0
10804,1539834.0
10805,678270.0
10806,1129065.0
10807,907313.0
10808,851780.0
10809,1343175.0
10810,1059635.0
10811,622051.0
10812,884160.0
10813,1526690.0
10814,676885.0
10815,840935.0
10816,418872.5
10817,679480.0
10818,593504.43
10819,763624.8571428572
10820,2114345.0
10821,837210.0
10822,916440.0
10823,602300.0
10824,604320.0
10825,710636.0
10826,607224.0
10827,686712.0
10828,468495.5
10829,437220.0
10830,1138240.0
10831,776455.0
10832,477560.0
10833,451675.0
10834,512950.0
10835,793430.0
10836,424910.0
10837,546065.0
10838,480870.0
10839,735450.0
10840,563205.0
10841,527370.0
10842,1275945.0
10843,1498260.0
10844,806170.0
10845,1219025.0
10846,558327.0
10847,602585.0
10848,610660.0
10849,599885.0
10850,384758.3333333334
10851,902790.0
10852,712762.5
10853,521387.02
10854,460744.5
10855,467417.5
10856,863383.5
10857,617040.0
10858,620140.0
10859,776331.0
10860,1061490.0
10861,772760.0
10862,548565.0
10863,541050.0
10864,462005.0
10865,696107.5
10866,540195.55
10867,451130.0
10868,719595.0
10869,1158410.0
10870,574070.0
10871,403703.0
10872,480640.0
10873,820685.0
10874,1237711.6666666667
10875,522490.0
10876,1511625.0
10877,968700.0
10878,1431240.0
10879,1611191.0
10880,1515563.3333333335
10881,726940.0
10882,909531.48
10883,497760.0
10884,1532530.0
10885,1178395.0
10886,655463.0
10887,747570.0
10888,794429.0
10889,1514280.0
10890,750207.5
10891,1202655.0
10892,1494081.57
10893,2112730.0
10894,910360.0
10895,650880.0
10896,606885.0
10897,2421610.0
10898,1729670.0
10899,1482977.333333333
10900,1315540.0
10901,1766820.0
10902,697680.0
10903,1719140.0
10904,1603240.0
10905,1064375.0
10906,1704160.0
10907,1262245.0
10908,1747500.0
10909,1209165.0
10910,1199790.0
10911,672330.08
10912,1684670.0
10913,1092790.0
10914,1247350.0
10915,1233670.0
10916,808270.0
10917,1560800.0
10918,695660.0
10919,867370.0
10920,3094630.0
10921,1701490.0
10922,1332375.0
10923,3636550.0
10924,2147510.0
10925,1684570.0
10926,1909990.0
10927,2027940.0
10928,1702722.5
10929,889930.0
10930,640710.0
10931,619170.0
10932,1231325.0
10933,1511220.0
10934,1451640.0
10935,1839670.0
10936,1169475.0
10937,1650650.0
10938,582890.0
10939,694385.0
10940,676995.0
10941,731495.01
10942,476485.0
10943,1122800.0
10944,1103385.0
10945,1156460.0
10946,1423250.0
10947,1532945.0
10948,761975.0
10949,576830.0
10950,1634870.0
10951,1002955.0
10952,3266800.0
10953,2121480.0
10954,2623360.0
10955,3404240.0
10956,1353790.0
10957,855600.0
10958,691585.0
10959,575690.0
10960,1029060.0
10961,2045310.0
10962,1060498.57
10963,1373380.0
10964,1275915.0
10965,1313440.0
10966,1136781.0
10967,684796.0
10968,1461413.88
10969,1159695.0
10970,894105.0
10971,1011610.0
10972,549011.34
10973,585615.0
10974,644810.0
10975,532260.0
10976,716380.0
10977,644260.0
10978,558670.0
10979,728385.0
10980,1091750.0
10981,764245.0
10982,606365.0
10983,733941.0
10984,434200.0
10985,544970.0
10986,1628005.0
10987,661540.0
10988,523950.0
10989,891885.0
10990,773420.0
10991,670930.0
10992,951120.0
10993,783795.0
10994,1355325.0
10995,797130.0
10996,1350940.0
10997,1128735.9
10998,890754.0
10999,789175.0
11000,956510.0
11001,877030.0
11002,513920.0
11003,1168075.0
11004,2837490.0
11005,547580.0
11006,551470.0
11007,562975.0
11008,568290.0
11009,432270.0
11010,577145.0
11011,2058000.0
11012,1205960.0
11013,1076350.0
11014,1918360.0
11015,1411231.64
11016,880160.0
11017,698770.17
11018,490890.0
11019,871942.0
11020,2241732.5
11021,1126090.0
11022,516015.0
11023,3097800.0
11024,1636520.0
11025,984765.0
11026,1199450.0
11027,457160.0
11028,584792.0
11029,405865.02
11030,611410.0
11031,875915.0
11032,733100.0
11033,586210.0
11034,462815.0
11035,3102200.0
11036,354290.0
11037,800423.0
11038,1731625.0
11039,2119280.0
11040,2267680.0
11041,800865.0
11042,1991120.0
11043,1273180.0
11044,531357.5
11045,747557.0
11046,1031425.0
11047,714760.0
11048,813160.0
11049,1305900.0
11050,659650.0
11051,427380.0
11052,1736205.2
11053,386375.0
11054,1454875.0
11055,1515890.0
11056,1742250.0
11057,1347120.0
11058,453355.0
11059,585610.0
11060,678440.0
11061,2581820.0
11062,993700.0
11063,1016383.0
11064,894198.0
11065,470846.38
11066,1145420.0
11067,713085.0
11068,706480.0
11069,1529935.0
11070,734275.0
11071,708487.5
11072,768555.0
11073,473450.0
11074,1285295.0
11075,694845.0
11076,614680.5
11077,590680.0
11078,523921.0
11079,1524120.0
11080,801590.0
11081,1763347.5
11082,976093.3333333335
11083,549400.0
11084,965970.0
11085,846297.0
11086,569955.0
11087,1199155.0
11088,2479080.0
11089,1436260.0
11090,729370.0
11091,937365.0
11092,3729200.0
11093,2476330.0
11094,893500.0
11095,2010850.0
11096,1834605.0
11097,712735.0
11098,600470.0
11099,929440.0
11100,391070.0
11101,582725.0
11102,647300.0
11103,442745.0
11104,639810.0
11105,768130.0
11106,726775.0
11107,694438.0
11108,3839950.0
11109,1728230.0
11110,1937580.0
11111,2717620.0
11112,2534860.0
11113,2156810.0
11114,1075845.0
11115,1059375.0
11116,1199280.0
11117,577015.0
11118,930520.0
11119,1894343.88
11120,623055.0
11121,1039710.0
11122,937576.0
11123,890664.0
11124,1046145.0
11125,1324902.0
11126,846468.0
11127,1761715.0
11128,1343215.0
11129,919480.0
11130,784235.0
11131,2325685.0
11132,1018980.0
11133,651845.08
11134,1064270.0
11135,836280.0
11136,1221790.0
11137,986948.75
11138,580761.0
11139,1135680.0
11140,1665860.0
11141,501890.0
11142,584030.0
11143,1323230.0
11144,1757575.0
11145,2259530.0
11146,1275010.0
11147,1366800.0
11148,531850.1
11149,562500.0
11150,391135.0
11151,1030240.0
11152,1099930.0
11153,825540.0
11154,941935.0
11155,260670.0
11156,267106.0
11157,994445.0
11158,520505.5
11159,710095.0
11160,1670315.0
11161,1341110.0
11162,693660.0
11163,2488980.0
11164,1239060.1
11165,410957.6666666666
11166,3910810.0
11167,1147125.0
11168,613717.5
11169,1202950.0
11170,969575.0
11171,1066120.0
11172,1641195.0
11173,1086150.0
11174,878210.0
11175,537155.0
11176,874185.0
11177,748600.0
11178,745870.03
11179,313603.3333333333
11180,1200270.0
11181,1312045.0
11182,821426.0
11183,684480.0
11184,961030.0
11185,1206726.0
11186,1162440.0
11187,985990.08
11188,2997800.0
11189,2031550.0
11190,897074.0
11191,1717430.0
11192,1697738.0
11193,2075120.0
11194,3225110.0
11195,531265.0
11196,1219570.0
11197,1004200.0
11198,412883.0
11199,841010.0
11200,390793.3333333334
11201,633520.0
11202,980347.0
11203,631585.0
11204,665880.0
11205,720145.0
11206,1987560.0
11207,1826950.0
11208,1485360.0
11209,1640930.0
11210,969960.0
11211,704775.0
11212,621632.5
11213,634140.0
11214,2139177.0
11215,929465.0
11216,2228743.0
11217,1919730.0
11218,659250.0
11219,511135.0
11220,555090.0
11221,707730.0
11222,2418380.0
11223,1171360.0
11224,1681000.0
11225,1546350.0
11226,2156620.0
11227,2044780.0
11228,1299050.0
11229,1401531.0
11230,1213930.0
11231,685768.0
11232,751970.0
11233,652065.0
11234,1717790.0
11235,1302590.0
11236,1495650.0
11237,1925845.0
11238,908500.0
11239,1004425.0
11240,1042785.0
11241,1211145.0
11242,876297.0
11243,815295.0
11244,708550.0
11245,481150.0
11246,476850.0
11247,473435.0
11248,1186612.0
11249,685440.0
11250,683870.0
11251,1203710.0
11252,1160957.0
11253,1131315.0
11254,2304405.0
11255,956880.0
11256,824585.0
11257,525970.0
11258,1108106.0
11259,1138510.0
11260,707545.0
11261,953965.0
11262,486078.32
11263,653930.0
11264,906430.0
11265,906570.0
11266,761620.0
11267,526500.0
11268,523837.0
11269,1104720.0
11270,454510.0
11271,1018095.0
11272,764090.0
11273,1203490.0
11274,551987.5
11275,1364360.0
11276,872580.0
11277,893040.0
11278,624050.0
11279,2179490.0
11280,1614020.0
11281,677450.0
11282,752230.0
11283,1448795.0
11284,1243260.0
11285,1045760.0
11286,1380525.0
11287,1221210.0
11288,1331615.0
11289,1112960.0
11290,1136030.0
11291,775842.0
11292,1072776.46
11293,2679440.0
11294,303155.0
11295,560280.0
11296,663340.0
11297,401167.0
11298,1405850.0
11299,1341630.0
11300,410880.0
11301,663245.0
11302,278340.0
11303,828070.0
11304,875360.74
11305,713635.0
11306,1263185.0
11307,931825.0
11308,1648635.0
11309,461652.5
11310,532380.0
11311,527255.0
11312,521335.0
11313,1622980.0
11314,364520.0
11315,998610.0
11316,736380.0
11317,1160812.0
11318,1655485.0
11319,983171.0
11320,913475.0
11321,366550.0
11322,386465.0
11323,652850.0
11324,621795.0
11325,448595.0
11326,443790.0
11327,642650.0
11328,621335.0
11329,730913.0
11330,576280.0
11331,605865.0
11332,802300.0
11333,872110.0
11334,840510.0
11335,880010.0
11336,1599550.0
11337,937897.0
11338,936965.0
11339,524060.0
11340,1363290.0
11341,989918.0
11342,546450.0
11343,1034235.0
11344,649980.0
11345,593390.0
11346,399950.0
11347,593913.0
11348,930015.0
11349,583175.0
11350,475725.0
11351,1526570.0
11352,497405.0
11353,707655.0
11354,1410490.0
11355,722140.0
11356,1045550.88
11357,856170.0
11358,484040.0
11359,533760.0
11360,684860.0
11361,1448445.0
11362,811085.0
11363,562680.0
11364,412620.32
11365,891875.0
11366,1023375.0
11367,985665.0
11368,1307245.0
11369,518110.0
11370,795900.0
11371,786180.0
11372,429690.0
11373,547510.0
11374,939990.0
11375,1182330.0
11376,576775.0
11377,720110.0
11378,551905.0
11379,793325.0
11380,809923.88
11381,879890.17
11382,922615.0
11383,1846010.0
11384,1658470.0
11385,1666650.0
11386,651280.0
11387,610505.0
11388,397100.0
11389,1271860.0
11390,1071255.0
11391,521130.0
11392,670210.0
11393,592293.0
11394,814930.0
11395,637385.0
11396,534241.0
11397,548056.0
11398,547090.0
11399,1572010.0
11400,535400.0
11401,891552.0
11402,720475.0
11403,621725.0
11404,861590.0
11405,1170120.0
11406,879380.0
11407,814960.0
11408,865820.0
11409,659435.0
11410,1097300.0
11411,679338.0
11412,739185.0
11413,1026249.98
11414,756870.0
11415,677850.0
11416,1077070.0
11417,873635.0
11418,626980.0
11419,679120.0
11420,596615.0
11421,626160.0
11422,442810.0
11423,508010.0
11424,439440.0
11425,653530.0
11426,552015.0
11427,567980.0
11428,424740.0
11429,350995.0
11430,351345.0
11431,413380.0
11432,790445.0
11433,746530.0
11434,705840.0
11435,718160.0
11436,999380.0
11437,789827.5
11438,1144027.0
11439,881890.0
11440,1391550.0
11441,928545.0
11442,679416.0
11443,837665.0
11444,1710200.0
11445,1663310.0
11446,2224595.0
11447,1369930.0
11448,938860.0
11449,763780.0
11450,986080.0
11451,618640.0
11452,590680.0
11453,808078.0
11454,992810.0
11455,954645.0
11456,663122.0
11457,757470.0
11458,535150.0
11459,1249890.0
11460,1171470.0
11461,1185990.0
11462,1797645.0
11463,1512310.0
11464,1225240.0
11465,943755.0
11466,1294933.88
11467,1533370.0
11468,1156265.0
11469,573182.06
11470,614458.84
11471,1082790.0
11472,591687.5
11473,929430.0
11474,683470.0
11475,821380.0
11476,1065358.88
11477,606100.0
11478,668540.0
11479,524500.0
11480,986300.0
11481,991242.5
11482,602417.5
11483,921625.0
11484,463380.0
11485,705025.0
11486,621930.0
11487,713150.0
11488,868960.0
11489,478020.0
11490,1038717.0
11491,424090.0
11492,776625.0
11493,681340.0
11494,1202850.0
11495,854230.0
11496,796140.0
11497,739435.0
11498,531760.0
11499,502380.0
11500,756100.0
11501,798220.0
11502,756808.96
11503,2555895.0
11504,412205.0
11505,645725.0
11506,905210.0000000001
11507,399266.01
11508,794140.0
11509,661460.0
11510,581130.0
11511,561585.0
11512,817720.0
11513,499011.0
11514,1102720.0
11515,828255.0
11516,540947.0
11517,928940.0
11518,602995.0
11519,619770.0
11520,874255.0
11521,709765.0
11522,523185.0
11523,1241105.0
11524,354875.0
11525,1096550.0
11526,373020.55
11527,461072.5
11528,1087305.0
11529,1154889.99
11530,1069430.0
11531,628270.0
11532,960430.0
11533,1147540.0
11534,565965.0
11535,629210.0
11536,828790.0
11537,495935.0
11538,552825.0
11539,466565.0
11540,453392.0
11541,268525.0
11542,974534.0
11543,709961.6666666665
11544,475310.0
11545,1924600.0
11546,762395.0
11547,1165640.0
11548,1923750.0
11549,560335.0
11550,920895.0
11551,1270063.3333333335
11552,1036592.5
11553,1202785.0
11554,957100.0
11555,965075.0
11556,1147260.0
11557,1748970.0
11558,1476415.0
11559,286570.0
11560,387900.0
11561,1455550.0
11562,471375.0
11563,992620.0
11564,869205.0
11565,1276740.0
11566,836385.0
11567,636945.0
11568,825565.0
11569,690902.0
11570,867540.0
11571,567416.0
11572,625695.0
11573,489820.0
11574,904350.0
11575,996265.0
11576,1266682.0
11577,1385878.0
11578,988245.0
11579,1049305.0
11580,901940.0
11581,683090.0
11582,752865.0
11583,834185.0
11584,720900.0
11585,2657045.0
11586,2288290.0
11587,2422550.0
11588,1910610.0
11589,1855273.0
11590,707860.0
11591,1627551.0
11592,861390.0
11593,1575645.0
11594,1535645.0
11595,476420.0
11596,1469850.0
11597,809525.0
11598,710542.92
11599,720525.0
11600,1098600.0
11601,857227.0
11602,553294.0
11603,639010.0
11604,1477350.0
11605,1015145.0
11606,452100.0
11607,550880.0
11608,1152310.0
11609,1033930.0
11610,1225230.0
11611,1809220.0
11612,437990.0
11613,788300.01
11614,963175.0
11615,687640.0
11616,703928.0
11617,1839525.0
11618,967280.0
11619,1274910.0
11620,764140.0
11621,1497500.0
11622,1012490.0
11623,799360.0
11624,632530.0
11625,973880.0
11626,659265.0
11627,1146560.0
11628,1021360.0
11629,739675.0
11630,1208770.0
11631,881740.0
11632,942515.0
11633,877135.0
11634,585155.0
11635,509515.0
11636,505338.0
11637,503797.0
11638,590750.0
11639,587575.0
11640,987301.0
11641,636580.0
11642,808485.0
11643,592780.0
11644,918548.0
11645,773825.0
11646,581720.0
11647,538690.0
11648,579330.0
11649,1562240.0
11650,869042.0
11651,1373290.0
11652,912060.0
11653,480635.0
11654,742560.0
11655,692115.0
11656,1907160.0
11657,1211600.0
11658,728255.0
11659,765650.0
11660,611673.88
11661,727740.0
11662,620805.0
11663,409690.0
11664,537514.5
11665,1413290.0
11666,321130.0
11667,1515040.0
11668,848355.0
11669,754902.0
11670,520245.0
11671,511435.0
11672,950875.0
11673,1132950.0
11674,972570.0
11675,883920.0
11676,1031323.0
11677,650085.0
11678,666690.0
11679,644890.0
11680,615435.0
11681,586890.0
11682,516118.88
11683,686100.0
11684,726775.0
11685,1203770.0
11686,1358875.0
11687,1643450.0
11688,1661551.64
11689,986215.0
11690,497250.0
11691,871805.0
11692,434405.0
11693,756060.68
11694,478590.0
11695,743810.0
11696,532995.0
11697,1899220.0
11698,1335070.0
11699,497886.6666666665
11700,536725.0
11701,1220275.0
11702,781245.0
11703,1387340.0
11704,694205.0
11705,744205.0
11706,1459280.0
11707,1742640.0
11708,712705.0
11709,516115.0
11710,647715.0
11711,570480.0
11712,490325.4
11713,873380.0
11714,1139595.0
11715,535330.0
11716,615055.0
11717,845340.0
11718,810947.0
11719,874570.0
11720,643610.0
11721,559150.0
11722,401035.0
11723,357590.0
11724,771100.0
11725,583440.0
11726,477535.0
11727,954220.0
11728,716850.0
11729,994985.0
11730,469176.0
11731,663980.0
11732,1573380.0
11733,605590.0
11734,410430.0
11735,439770.0
11736,366665.0
11737,367757.5
11738,503297.5
11739,397045.0
11740,389940.0
11741,700720.0
11742,1075950.0
11743,1023460.0
11744,362311.66666666674
11745,342205.0
11746,1283660.0
11747,627535.0
11748,1663565.0
11749,751580.0
11750,851855.0
11751,812116.0
11752,1086080.0
11753,1091850.0
11754,1032870.0
11755,498320.0
11756,645230.0
11757,494210.0
11758,1346280.0
11759,1323885.0
11760,412155.0
11761,1797645.0
11762,1351417.76
11763,715993.72
11764,533020.0
11765,503890.0
11766,524310.0
11767,564335.0
11768,647800.0
11769,636510.0
11770,693348.3333333335
11771,280575.0
11772,347875.0
11773,440020.0
11774,939962.0
11775,490722.5
11776,320280.0
11777,634440.0
11778,1235075.74
11779,789015.0
11780,489740.0
11781,1478330.0
11782,795980.0
11783,1460270.0
11784,668300.0
11785,913815.0
11786,905750.0
11787,759820.0
11788,498654.0
11789,1493360.0
11790,759905.0
11791,1148485.0
11792,1127780.0
11793,891915.0
11794,597006.0
11795,778935.0
11796,860625.0
11797,494820.0
11798,763820.0
11799,407185.0
11800,540530.0
11801,1203690.0
11802,648844.0
11803,710690.0
11804,605770.0
11805,531220.0
11806,548802.98
11807,623987.5
11808,1340668.0
11809,1120363.33
11810,501330.0
11811,433842.5
11812,909190.0
11813,674175.8333333333
11814,606090.0
11815,689315.0
11816,569205.0
11817,811824.0
11818,2171060.0
11819,1691365.0
11820,2557700.0
11821,749240.0
11822,724495.0
11823,602525.0
11824,481315.0
11825,505133.5
11826,456237.0
11827,564690.0
11828,529310.0
11829,764132.0
11830,696200.0
11831,643190.0
11832,837770.0
11833,732695.0
11834,509575.0
11835,1301280.0
11836,1378170.0
11837,1312170.0
11838,1314645.0
11839,746250.0
11840,622495.0
11841,635845.0
11842,700390.0
11843,1088860.0
11844,759080.0
11845,974870.8333333335
11846,405223.02
11847,804240.0
11848,976705.0
11849,819554.0
11850,639610.0
11851,804890.0
11852,709825.0
11853,852855.0
11854,415931.0
11855,493655.0
11856,466676.0
11857,437975.0
11858,459910.0
11859,619975.0
11860,478805.0
11861,503115.0
11862,865500.0
11863,910935.0
11864,1538500.0
11865,1411500.0
11866,1390220.0
11867,409925.0
11868,648870.0
11869,904630.0
11870,1273726.25
11871,982880.0
11872,783885.0
11873,552575.0
11874,629420.0
11875,379020.0
11876,567650.0
11877,635755.0
11878,363615.0
11879,623415.0
11880,1119780.0
11881,1550290.0
11882,1358260.0
11883,3263080.0
11884,1526195.0
11885,1487340.0
11886,850283.0
11887,1813720.0
11888,635330.0
11889,548480.0
11890,899070.0
11891,1439080.0
11892,1390627.5
11893,597360.0
11894,885400.0
11895,1633121.0
11896,1250685.0
11897,630690.0
11898,582130.0
11899,1239825.0
11900,635821.25
11901,797190.0
11902,776540.0
11903,1715764.0
11904,744100.0
11905,865075.0
11906,462643.0
11907,806235.0
11908,1341515.0
11909,584395.0
11910,707655.0
11911,554355.0
11912,439860.0
11913,591647.5
11914,628900.0
11915,1234905.0
11916,644008.0
11917,664085.0
11918,497140.0
11919,603480.0
11920,1224400.0
11921,1147630.0
11922,438610.0
11923,1598105.0
11924,923728.0
11925,609805.0
11926,1313045.0
11927,2317930.0
11928,669400.0
11929,2307440.0
11930,1001575.0
11931,672724.0
11932,967280.0
11933,1563830.0
11934,687605.0
11935,367335.0
11936,1068195.0
11937,531900.0
11938,678800.0
11939,500175.0
11940,1106092.57
11941,776580.0
11942,992995.0
11943,1729600.0
11944,616440.0
11945,722775.0
11946,1024730.0
11947,1633680.0
11948,575637.76
11949,647125.0
11950,1331390.0
11951,989120.0
11952,472270.0
11953,993830.0
11954,831175.0
11955,806495.0
11956,432412.0
11957,518990.0
11958,598025.0
11959,394977.0
11960,540642.82
11961,1133680.0
11962,719110.0
11963,893860.0
11964,1026738.0
11965,688765.4
11966,1396850.0
11967,1223820.0
11968,1569588.0
11969,945332.0
11970,1205690.0
11971,1057700.0
11972,1488600.0
11973,541080.0
11974,533400.0
11975,535985.0
11976,482710.0
11977,2926200.0
11978,811835.0
11979,805050.0
11980,847035.0
11981,949080.0
11982,871470.0
11983,864720.0
11984,852930.0
11985,1026080.0
11986,1698250.0
11987,688847.0
11988,700565.0
11989,646522.5
11990,614855.0
11991,931305.08
11992,667520.0
11993,596975.0
11994,654645.0
11995,493827.5
11996,563853.0
11997,478150.0
11998,480250.0
11999,993235.0
12000,1233795.0
12001,607420.0
12002,1785290.0
12003,1746120.0
12004,677295.0
12005,845390.0
12006,762459.0
12007,874220.0
12008,387300.0
12009,901275.0
12010,349710.0
12011,724460.0
12012,696785.0
12013,554155.0
12014,998710.0
12015,492780.0
12016,2087700.0
12017,865518.0
12018,1201130.0
12019,1307965.0
12020,786497.0
12021,716375.0
12022,669999.0
12023,660680.0
12024,828375.0
12025,810020.0
12026,889920.0
12027,892625.0
12028,813750.0
12029,599145.0
12030,791300.0
12031,1522700.0
12032,455720.0
12033,943985.0
12034,806077.5
12035,1243920.0
12036,1154300.0
12037,1159358.0
12038,1207510.0
12039,1171130.0
12040,1148225.0
12041,491680.0
12042,654625.0
12043,555770.0
12044,1044108.0
12045,2249860.0
12046,2250600.0
12047,644600.0
12048,1458300.0
12049,775425.0
12050,785940.0
12051,479810.0
12052,529300.9
12053,1050075.0
12054,1352505.0
12055,3122495.0
12056,1566623.333333333
12057,740880.0
12058,738190.0
12059,218433.5
12060,1058900.0
12061,396195.0
12062,455645.0
12063,566835.0
12064,612735.0
12065,696360.0
12066,689045.0
12067,554880.0
12068,1079725.0
12069,663496.6666666666
12070,845420.0
12071,386550.0
12072,515865.0
12073,677947.5
12074,594865.0
12075,332505.0
12076,425175.0
12077,447190.0
12078,641965.0
12079,681445.0
12080,678040.0
12081,497602.5
12082,750060.0
12083,907490.0
12084,640105.0
12085,934293.0
12086,1388200.0
12087,1134230.0
12088,906780.0
12089,726675.0
12090,545115.0
12091,1587285.0
12092,1342350.0
12093,1613070.0
12094,6078203.0
12095,1174060.0
12096,1061536.0
12097,571070.0
12098,856095.0
12099,297715.0
12100,1888160.0
12101,938333.0
12102,608735.0
12103,694570.0
12104,884100.0
12105,1584205.0
12106,914772.5
12107,1560950.0
12108,1408996.64
12109,1079700.0
12110,847065.0
12111,514232.5
12112,1194725.0
12113,1166612.95
12114,918603.33
12115,1183585.0
12116,880980.0
12117,1284760.0
12118,533020.0
12119,575390.0
12120,794430.0
12121,902775.0
12122,630800.0
12123,747460.0
12124,1520465.0
12125,2466520.0
12126,1187850.0
12127,578490.0
12128,1285735.0
12129,1280305.0
12130,908815.0
12131,1054220.0
12132,871420.0
12133,868085.0
12134,655108.3333333333
12135,612305.0
12136,638045.0
12137,674110.0
12138,1307190.0
12139,636405.0
12140,351136.67666666664
12141,842140.0
12142,615075.0
12143,1239065.0
12144,948560.0
12145,1016095.0
12146,539445.0
12147,416194.0
12148,449360.0
12149,490802.0
12150,1630230.0
12151,1311063.47
12152,605260.0
12153,842090.0
12154,840910.0
12155,293360.0
12156,866227.0
12157,780915.0
12158,2181220.0
12159,922245.0
12160,545445.0
12161,662720.0
12162,693205.0
12163,1011784.226190476
12164,559910.0
12165,509925.0
12166,695707.5
12167,478686.0
12168,639835.0
12169,380925.0
12170,656785.0
12171,508885.0
12172,498945.0
12173,677290.0
12174,724160.0
12175,577435.0
12176,1111515.0
12177,613165.0
12178,683215.0
12179,688895.0
12180,1223585.0
12181,1935635.0
12182,828585.0
12183,409185.0
12184,605665.0
12185,1095913.3333333333
12186,912890.0
12187,588680.0
12188,318725.0
12189,980245.0
12190,952705.0
12191,1110530.0
12192,1322640.0
12193,987640.0
12194,628015.0
12195,781005.0
12196,557962.5
12197,625295.0
12198,511725.0
12199,427923.5
12200,575000.0
12201,1232595.0
12202,794713.5
12203,654380.0
12204,1110220.0
12205,630365.0
12206,1055630.0
12207,353131.66666666674
12208,1268460.0
12209,521490.0
12210,526490.0
12211,762832.5
12212,3038570.0
12213,1456400.0
12214,914784.0
12215,1829000.0
12216,848376.0
12217,626698.5
12218,1079960.0
12219,4574170.0
12220,726310.0
12221,956965.0
12222,632176.25
12223,1864960.0
12224,2502430.0
12225,1960240.0
12226,2100090.0
12227,797541.0
12228,1185010.0
12229,1458070.0
12230,1380865.0
12231,946956.96
12232,1831960.0
12233,1181250.0
12234,1352260.0
12235,1380430.0
12236,2471040.0
12237,1647350.0
12238,591565.0
12239,4843300.0
12240,2348900.0
12241,794290.0
12242,1567990.0
12243,1680060.0
12244,660375.0
12245,1195775.0
12246,834140.0
12247,1007120.0
12248,683015.0
12249,762440.0
12250,717390.0
12251,636850.0
12252,1013481.0
12253,3784750.0
12254,666585.76
12255,1481950.0
12256,1794130.0
12257,1359111.26
12258,623427.5
12259,1364180.0
12260,1043325.0
12261,1127060.0
12262,1130405.0
12263,686480.0
12264,886980.0
12265,459875.0
12266,531395.0
12267,775808.34
12268,965680.0
12269,781760.0
12270,886655.0
12271,887662.0
12272,464870.0
12273,521530.0
12274,562695.0
12275,653765.0
12276,921830.0
12277,959325.0
12278,1388705.0
12279,1686136.0
12280,1392065.0
12281,1451602.0
12282,1262010.0
12283,1326585.0
12284,1547450.0
12285,1053585.0
12286,545875.0
12287,844625.54
12288,755580.0
12289,643740.0
12290,581237.5
12291,1178570.0
12292,2010290.0
12293,986100.0
12294,1334770.0
12295,799145.0
12296,1484390.0
12297,496410.0
12298,771905.0
12299,2163860.0
12300,1060150.0
12301,1328665.0
12302,784205.0
12303,824015.0
12304,772720.0
12305,987135.0
12306,1209935.0
12307,1624333.0
12308,629670.0
12309,690100.0
12310,635055.0
12311,659500.0
12312,1438375.0
12313,2515150.0
12314,1749010.0
12315,1729770.0
12316,1821940.0
12317,2056615.0
12318,1162945.0
12319,765150.0
12320,1337280.0
12321,795995.0
12322,772195.0
12323,785312.0
12324,790400.0
12325,720525.0
12326,727950.0
12327,751300.0
12328,767310.0
12329,2566805.0
12330,1953590.0
12331,2208865.0
12332,816900.0
12333,609160.0
12334,561720.0
12335,1066641.0
12336,759710.0
12337,903940.0
12338,2924000.0
12339,1840390.0
12340,2090810.0
12341,693105.0
12342,717980.0
12343,667850.0
12344,701910.0
12345,1486940.0
12346,973810.0
12347,621195.0
12348,482155.0
12349,452025.0
12350,404310.0
12351,439020.0
12352,1024005.0
12353,955350.0
12354,883880.0
12355,1214300.0
12356,1428455.0
12357,1201210.0
12358,1182020.0
12359,1704520.0
12360,690835.0
12361,1072230.08
12362,1232550.0
12363,965345.0
12364,1246300.0
12365,1218155.0
12366,1244420.0
12367,1076430.0
12368,1478455.0
12369,1531260.0
12370,1348330.0
12371,1655560.0
12372,1451490.0
12373,1113885.0
12374,1999805.0
12375,1286348.47
12376,618795.0
12377,656665.0
12378,521185.0
12379,988960.0
12380,1247990.0
12381,512980.0
12382,806675.8333333335
12383,1706490.0
12384,2408920.0
12385,1392950.0
12386,793390.0
12387,875417.0
12388,625175.0
12389,881240.0
12390,741790.0
12391,891285.0
12392,770095.0
12393,2331590.0
12394,1071430.0
12395,582790.0
12396,508640.0
12397,1199965.0
12398,849200.0
12399,1013960.0
12400,858035.0
12401,615595.0
12402,1131640.0
12403,576385.0
12404,534900.0
12405,485955.0
12406,699030.0
12407,658218.0
12408,740110.0
12409,653490.0
12410,698985.0
12411,1359320.0
12412,941550.0
12413,757340.0
12414,1465580.0
12415,642659.0
12416,520785.0
12417,504570.0
12418,682800.0
12419,1493830.0
12420,1279820.0
12421,994570.0
12422,1270601.4
12423,1539095.0
12424,1529960.0
12425,1503420.0
12426,953810.0
12427,1233722.0
12428,999175.57
12429,1054095.0
12430,635375.0
12431,1126145.0
12432,444255.0
12433,934060.0
12434,1182575.0
12435,1656100.0
12436,820265.0
12437,878500.0
12438,612470.0
12439,2859105.0
12440,2137165.0
12441,1992850.0
12442,870049.64
12443,1720740.0
12444,1329305.0
12445,1447670.0
12446,2023100.0
12447,1718470.0
12448,2004500.0
12449,1600260.0
12450,1342044.0
12451,832685.0
12452,633060.0
12453,740950.0
12454,951500.0
12455,1265000.0
12456,1249715.0
12457,1058880.0
12458,818430.0
12459,1682773.0
12460,2803640.0
12461,1301060.0
12462,931375.0
12463,913380.0
12464,1007725.0
12465,934645.0
12466,961215.0
12467,1372605.0
12468,1180375.0
12469,822770.0
12470,1293545.0
12471,1273030.0
12472,1146000.0
12473,602285.0
12474,1172790.0
12475,577330.0
12476,600065.0
12477,784995.0
12478,935045.0
12479,1304800.0
12480,1497788.0
12481,1196565.0
12482,1638588.0
12483,1447438.0
12484,1557610.0
12485,760680.0
12486,499045.0
12487,707545.0
12488,945610.0
12489,1604760.0
12490,1380065.0
12491,393562.5
12492,616390.0
12493,324670.0
12494,1075830.0
12495,838750.0
12496,777169.0
12497,1606775.0
12498,927210.0
12499,1153585.0
12500,827360.0
12501,936585.0
12502,814610.0
12503,669390.0
12504,786860.0
12505,639080.0
12506,621190.0
12507,2097550.0
12508,2837870.0
12509,2972100.0
12510,1022710.0
12511,1623386.64
12512,1259929.0
12513,1413430.0
12514,1357270.0
12515,1253555.52
12516,868560.0
12517,584906.43
12518,959660.0
12519,731215.0
12520,1912995.0
12521,1546821.666666667
12522,2513190.0
12523,1796520.0
12524,1119325.0
12525,936929.96
12526,991840.0
12527,781111.0
12528,1478190.0
12529,845200.0
12530,512860.0
12531,619575.0
12532,1597720.0
12533,676177.0
12534,715843.33
12535,1172832.0
12536,1163213.88
12537,983016.0
12538,1001965.0
12539,696990.0
12540,1932290.0
12541,1631960.0
12542,1977670.0
12543,1870080.0
12544,2107450.0
12545,921100.0
12546,1071880.0
12547,674195.0
12548,711965.0
12549,855150.0
12550,1512210.0
12551,2383050.0
12552,1861975.0
12553,466962.0
12554,412150.0
12555,831320.0
12556,718795.0
12557,5041830.0
12558,1571670.0
12559,675925.0
12560,783540.0
12561,1363030.0
12562,1172280.0
12563,819110.0
12564,1171405.0
12565,1224920.0
12566,707305.0
12567,905740.0
12568,934210.0
12569,1440350.0
12570,1004505.0
12571,1365390.0
12572,1060910.0
12573,1315415.0
12574,1565765.0
12575,1491265.0
12576,1077855.0
12577,1099375.0
12578,1468030.0
12579,1265310.0
12580,864635.0
12581,1816610.0
12582,2006830.0
12583,1126000.0
12584,1218660.0
12585,1782283.0
12586,967625.0
12587,901085.0
12588,741890.0
12589,737290.0
12590,682930.05
12591,843130.0
12592,1495165.0
12593,1202670.0
12594,633125.0
12595,1227710.0
12596,874319.98
12597,1060439.94
12598,1607725.0
12599,554110.0
12600,2733360.0
12601,2194020.0
12602,2306090.0
12603,1618220.0
12604,757480.0
12605,1219100.0
12606,1378740.0
12607,1237190.0
12608,1007900.0
12609,535860.0
12610,1404765.0
12611,1407415.0
12612,409902.5
12613,476372.5
12614,506832.5
12615,759005.0
12616,3346180.0
12617,1409755.0
12618,863330.0
12619,955520.0
12620,1205280.0
12621,1156820.0
12622,567790.0
12623,602025.0
12624,614790.0
12625,1446760.0
12626,766440.0
12627,422365.0
12628,708005.0
12629,923275.0
12630,934656.6666666667
12631,1103887.5
12632,1559098.88
12633,2016350.0
12634,1171875.0
12635,969280.0
12636,763078.3333333335
12637,1755690.0
12638,1404370.0
12639,1574045.0
12640,1215205.0
12641,873890.0
12642,468752.5
12643,2554350.0
12644,2143025.0
12645,837860.0
12646,3590060.0
12647,1962650.0
12648,2043100.0
12649,1483375.0
12650,1577780.0
12651,1054800.0
12652,1857470.0
12653,1643480.0
12654,1144070.0
12655,1231820.0
12656,1454740.0
12657,689710.0
12658,1495670.0
12659,797500.0
12660,1316410.0
12661,1801160.0
12662,2423450.0
12663,922130.0
12664,690685.0
12665,1774655.0
12666,247945.0
12667,1210810.0
12668,1014075.0
12669,1319040.0
12670,1256513.5
12671,759720.0
12672,1644767.0
12673,1683200.0
12674,1065960.0
12675,2949875.0
12676,2209980.0
12677,2353915.0
12678,1338655.0
12679,1472070.0
12680,841515.0
12681,1480820.0
12682,1343205.0
12683,618251.96
12684,640440.0
12685,875900.0
12686,984815.0
12687,1182760.0
12688,1234290.0
12689,910965.0
12690,1198560.0
12691,2414710.0
12692,814780.0
12693,841170.0
12694,1267420.0
12695,973035.0
12696,965935.0
12697,1014150.0
12698,850962.0
12699,1248670.0
12700,923660.0
12701,486365.0
12702,811910.0
12703,644525.0
12704,614370.0
12705,1183344.0
12706,785982.0
12707,1434928.0
12708,485530.0
12709,556700.0
12710,998655.0
12711,907848.0
12712,1023805.0
12713,1843360.0
12714,589925.0
12715,626670.0
12716,767280.0
12717,1198960.0
12718,1076470.0
12719,1359658.88
12720,1287230.0
12721,671450.0
12722,621572.0
12723,1323287.5
12724,1016490.0
12725,703360.0
12726,968890.0
12727,864823.0
12728,662010.0
12729,1696230.0
12730,1022710.0
12731,1336440.0
12732,1345955.0
12733,1195698.0
12734,1677020.0
12735,1390187.76
12736,621330.05
12737,838965.0
12738,874005.0
12739,708808.5
12740,656925.0
12741,2453290.0
12742,1528900.0
12743,2386885.0
12744,1999548.88
12745,1484998.0
12746,1088250.0
12747,869170.0
12748,2366410.0
12749,1447650.0
12750,841896.0
12751,624923.5
12752,691000.0
12753,557710.0
12754,524590.0
12755,763790.0
12756,591720.0
12757,818576.0
12758,1143745.0
12759,870457.0
12760,2285200.0
12761,1756620.0
12762,4651400.0
12763,1683450.0
12764,2022620.0
12765,1325715.0
12766,1995420.0
12767,1154880.0
12768,1009070.0
12769,784815.0
12770,609055.0
12771,2683160.0
12772,3003580.0
12773,439730.0
12774,1018770.0
12775,924890.0
12776,818610.0
12777,450022.5
12778,655595.0
12779,714810.0
12780,562215.0
12781,867235.0
12782,656315.0
12783,1144205.0
12784,976690.0
12785,1012715.0
12786,1880140.0
12787,2235506.0
12788,985695.0
12789,1242845.0
12790,1183960.0
12791,879440.0
12792,1281243.0
12793,2211480.0
12794,1300430.0
12795,1500510.0
12796,1429950.0
12797,1261861.0
12798,1183415.0
12799,1107155.88
12800,812870.0
12801,1143460.0
12802,1077099.5833333333
12803,1123335.0
12804,1267160.0
12805,1263145.0
12806,924180.0
12807,979694.4
12808,662710.0
12809,966785.0
12810,1273415.0
12811,860730.0
12812,1035660.0
12813,724775.0
12814,625850.0
12815,1196415.0
12816,2021360.0
12817,1787620.0
12818,735415.0
12819,1511560.0
12820,1001400.0
12821,889545.0
12822,1548410.0
12823,873830.0
12824,875230.0
12825,904780.0
12826,897127.0
12827,457000.0
12828,877500.0
12829,1369175.0
12830,1153595.0
12831,848610.0
12832,1209029.99
12833,1012950.0
12834,715870.0
12835,1201830.0
12836,1284548.0
12837,1667990.0
12838,399995.0
12839,1844910.0
12840,1970765.0
12841,1000465.0
12842,1035480.0
12843,834540.0
12844,1303800.0
12845,784100.0
12846,1434515.0
12847,430275.0
12848,475915.0
12849,458927.5
12850,780250.0
12851,711857.0
12852,597630.0
12853,1325170.0
12854,1759443.14
12855,2191859.0
12856,1811960.0
12857,613430.0
12858,680600.0
12859,704350.0
12860,1519130.0
12861,1293200.0
12862,1905250.0
12863,1163855.0
12864,1000521.0
12865,415387.0
12866,1043900.0
12867,1327719.99
12868,1060370.0
12869,762440.0
12870,917250.0
12871,472280.0
12872,509100.5
12873,619445.0
12874,856285.0
12875,1295670.0
12876,1882700.0
12877,982781.0
12878,1258350.0
12879,512972.0
12880,1120940.0
12881,1453505.0
12882,2090970.0
12883,1302745.0
12884,912500.0
12885,1129125.0
12886,1067155.0
12887,539340.0
12888,2484705.0
12889,832433.3333333335
12890,700775.0
12891,1367900.0
12892,1685470.0
12893,1810526.28
12894,1529265.0
12895,1311023.0
12896,2126810.0
12897,2600160.0
12898,2151485.0
12899,1963705.0
12900,2030620.0
12901,2271050.0
12902,2261760.0
12903,2662680.0
12904,2253460.0
12905,1826670.0
12906,1796670.0
12907,1184970.0
12908,1379930.0
12909,743115.0
12910,1527351.0
12911,876980.0
12912,1375550.0
12913,605845.0
12914,3489860.0
12915,1836575.0
12916,2705810.0
12917,1482205.0
12918,631250.0
12919,1071780.0
12920,994885.0
12921,316321.0
12922,1301185.0
12923,1263403.3333333335
12924,1061415.0
12925,1555215.0
12926,1219635.0
12927,665320.0
12928,2530920.0
12929,1459170.0
12930,681440.0
12931,2441947.76
12932,741240.0
12933,922870.0
12934,1155430.0
12935,905371.0
12936,812355.0
12937,1286185.0
12938,917255.0
12939,1031895.0
12940,1825270.0
12941,1193092.76
12942,613475.0
12943,598800.0
12944,489540.0
12945,535440.0
12946,486605.0
12947,730785.0
12948,606865.0
12949,1192140.0
12950,476620.0
12951,644970.0
12952,870800.0
12953,949689.0
12954,1272146.0
12955,1356855.0
12956,1365030.0
12957,1366535.0
12958,1223910.0
12959,973146.0
12960,1867775.0
12961,892650.0
12962,2026580.0
12963,2074900.0
12964,824200.17
12965,1060020.0
12966,1341335.0
12967,663895.0
12968,699440.0
12969,1544885.0
12970,1371038.88
12971,865480.0
12972,771258.0
12973,898480.0
12974,564090.0
12975,2259462.5
12976,1025085.0
12977,877611.6666666667
12978,1304815.0
12979,553405.0
12980,690660.0
12981,763600.0
12982,1276725.0
12983,1391880.0
12984,1392885.0
12985,1442250.0
12986,1346490.0
12987,1274492.76
12988,1200508.0
12989,1206160.0
12990,820660.0
12991,538250.0
12992,705510.26
12993,837969.6904761906
12994,2625445.0
12995,1557450.0
12996,1478200.0
12997,1491640.0
12998,1000411.0
12999,1193070.0
13000,1957970.0
13001,1283013.47
13002,1005780.0
13003,481530.0
13004,507855.0
13005,684045.0
13006,907380.0
13007,1179610.0
13008,1160660.0
13009,940855.0
13010,665190.0
13011,833480.0
13012,1975960.0
13013,3601200.0
13014,1802550.0
13015,2127290.0
13016,741790.0
13017,750424.0
13018,663545.0
13019,652805.0
13020,1914735.0
13021,1759750.0
13022,1374725.25
13023,1108860.0
13024,429015.0
13025,891920.0
13026,430630.0
13027,550168.0
13028,494132.5
13029,703230.0
13030,586290.0
13031,1584060.0
13032,1364120.76
13033,1057530.0
13034,1291600.0
13035,1090625.0
13036,1068440.0
13037,919540.0
13038,583160.0
13039,1311760.0
13040,1206345.0
13041,923315.0
13042,956805.0
13043,803760.0
13044,809860.0
13045,744570.0
13046,924868.0
13047,428707.0
13048,1483490.0
13049,650275.0
13050,1790360.0
13051,792155.0
13052,812680.0
13053,607360.0
13054,908427.0
13055,500180.0
13056,453230.0
13057,527865.0
13058,639490.0
13059,1622012.0
13060,2373955.0
13061,1183150.0
13062,1352110.0
13063,1152065.0
13064,623240.0
13065,1258060.0
13066,1121785.0
13067,1383145.0
13068,1302915.0
13069,1445438.0
13070,1117170.0
13071,1243811.76
13072,1709000.0
13073,866769.33
13074,484679.0
13075,427125.0
13076,1036670.0
13077,1042970.0
13078,694795.0
13079,848805.0
13080,1232970.0
13081,1388010.0
13082,1385880.0
13083,1227376.0
13084,2565455.0
13085,469392.0
13086,1029482.5
13087,2397370.0
13088,843420.0
13089,831670.0
13090,588325.0
13091,2063050.0
13092,731905.0
13093,745545.0
13094,961865.0
13095,927860.0
13096,2799010.0
13097,1477060.0
13098,1135775.0
13099,1207130.0
13100,1756965.0
13101,2700400.0
13102,1410245.0
13103,759925.0
13104,780315.0
13105,725875.0
13106,1115395.0
13107,1739090.0
13108,1443335.0
13109,1049920.0
13110,1709358.88
13111,778450.0
13112,1109925.0
13113,1314160.0
13114,1539828.0
13115,1434815.0
13116,1321040.0
13117,937650.0
13118,642020.0
13119,2417570.0
13120,546885.0
13121,909720.0
13122,1135630.0
13123,1303670.0
13124,1242730.0
13125,1573040.0
13126,1285850.0
13127,1634665.52
13128,1035780.0
13129,672200.0
13130,1008565.0
13131,1086275.0
13132,1283580.0
13133,1300530.0
13134,732620.0
13135,615375.0
13136,704230.0
13137,2798720.0
13138,2691640.0
13139,1863620.0
13140,382880.0
13141,606750.0
13142,1039170.0
13143,1056040.0
13144,846190.0
13145,1080420.0
13146,1168790.0
13147,814460.0
13148,997465.0
13149,968060.0
13150,729240.0
13151,591055.0
13152,486870.0
13153,528525.0
13154,820995.0
13155,1186646.08
13156,617580.0
13157,604380.0
13158,563835.0
13159,662170.0
13160,980680.0
13161,1329550.0
13162,1364693.0
13163,1741353.0
13164,818885.0
13165,385837.5
13166,813440.0
13167,937910.0
13168,612780.0
13169,617950.0
13170,559365.0
13171,1642700.0
13172,822087.7666666666
13173,783344.0
13174,939500.0
13175,1305360.0
13176,1157560.0
13177,1757390.0
13178,1070680.0
13179,435366.1
13180,1527250.0
13181,1037287.76
13182,591050.0
13183,1314350.0
13184,595650.0
13185,631490.0
13186,1363890.0
13187,1223308.88
13188,2139760.0
13189,1208080.0
13190,1570566.44
13191,823565.0
13192,964350.0
13193,900445.0
13194,815370.0
13195,1862115.0
13196,2029880.0
13197,2304285.0
13198,1228580.0
13199,3282070.0
13200,921905.0
13201,879680.0
13202,1963730.0
13203,616805.0
13204,542357.0
13205,557695.0
13206,569900.0
13207,1177059.0
13208,1837245.0
13209,576625.0
13210,549670.0
13211,703744.0
13212,812113.0
13213,704520.0
13214,885505.0
13215,2365100.0
13216,2549490.0
13217,884060.9
13218,1391540.0
13219,1514395.0
13220,1853910.0
13221,745680.0
13222,732640.0
13223,640120.0
13224,2340742.5
13225,820965.0
13226,781025.0
13227,335972.5
13228,418455.0
13229,423152.5
13230,872650.0
13231,616890.0
13232,977590.0
13233,1191300.0
13234,904021.0
13235,1170360.0
13236,814547.0
13237,1411813.0
13238,1577290.0
13239,1389455.0
13240,1063787.0
13241,1337890.0
13242,960800.0
13243,1059830.0
13244,1389267.2
13245,1171930.0
13246,1014297.5
13247,949775.0
13248,800125.0
13249,554486.0
13250,1354510.0
13251,1219186.25
13252,1536958.88
13253,1068015.0
13254,1341070.0
13255,1073301.0
13256,976003.35
13257,684125.0
13258,907010.0
13259,1468313.0
13260,1450140.0
13261,1483280.0
13262,1540215.0
13263,1204140.0
13264,656625.0
13265,1722410.0
13266,1489040.0
13267,1370130.0
13268,1131990.0
13269,830335.0
13270,1015915.0
13271,837731.6666666667
13272,659255.0
13273,876675.0
13274,1100877.0
13275,834300.0
13276,763930.0
13277,1005460.0
13278,834355.0
13279,1262477.0
13280,415743.0
13281,1962440.0
13282,1017299.44
13283,1077709.98
13284,1070740.0
13285,898830.0
13286,433435.0
13287,1144980.0
13288,713505.0
13289,1162230.0
13290,1331845.0
13291,642330.0
13292,1010950.0
13293,662025.0
13294,572115.0
13295,852080.0
13296,2882915.0
13297,1060480.0
13298,1421780.0
13299,826170.0
13300,646175.0
13301,723990.0
13302,661197.0
13303,599305.0
13304,590965.0
13305,835003.3333333333
13306,547945.0
13307,1868148.0
13308,2269120.0
13309,742680.0
13310,816045.0
13311,638770.0
13312,1024535.0
13313,1690475.0
13314,1373020.0
13315,700170.0
13316,675720.0
13317,1225890.0
13318,1176570.0
13319,1017340.0
13320,1197640.0
13321,1270230.0
13322,493588.0
13323,427880.0
13324,838592.0
13325,881200.0
13326,613745.0
13327,1109680.0
13328,1553316.88
13329,988940.0
13330,397280.0
13331,1236061.6666666667
13332,1253780.0
13333,1334160.0
13334,982380.0
13335,851260.0
13336,2195400.0
13337,2137240.0
13338,884406.0
13339,735237.5
13340,777033.3333333333
13341,3351460.0
13342,1174840.0
13343,1615336.28
13344,2369696.88
13345,1669370.0
13346,3104740.0
13347,1858500.0
13348,2640840.0
13349,1748310.0
13350,1452680.0
13351,1380610.0
13352,1158055.0
13353,1380070.0
13354,1791070.0
13355,1147570.0
13356,1430930.0
13357,1318030.64
13358,1349010.0
13359,1597410.0
13360,1055600.0
13361,1150080.0
13362,912190.0
13363,757040.0
13364,1783605.0
13365,1023710.0
13366,3035930.0
13367,2673545.0
13368,2489830.0
13369,1974927.5
13370,1565945.0
13371,1796275.0
13372,450185.0
13373,953145.0
13374,1063660.0
13375,1180380.0
13376,901835.0
13377,2033415.0
13378,899385.0
13379,829055.0
13380,800645.02
13381,579640.0
13382,1211558.3333333335
13383,1278590.0
13384,1608320.0
13385,1246580.0
13386,1341705.0
13387,2430040.0
13388,1833915.0
13389,1379605.0
13390,1570082.5
13391,594435.0
13392,516920.0
13393,614115.0
13394,733987.5
13395,1278070.0
13396,717535.0
13397,1452210.0
13398,990140.0
13399,918145.0
13400,853615.0
13401,461150.0
13402,418390.0
13403,446549.0
13404,718646.62
13405,1204628.88
13406,927210.0
13407,634950.08
13408,1114605.0
13409,1011175.0
13410,905260.0
13411,583910.0
13412,810260.0
13413,2206140.0
13414,1237195.0
13415,1602290.0
13416,692705.0
13417,1363215.0
13418,1295920.0
13419,1832485.0
13420,1682680.0
13421,831050.0
13422,803835.0
13423,1197375.0
13424,1208090.0
13425,1051910.0
13426,1119585.0
13427,514970.0
13428,715160.0
13429,1209935.0
13430,1036083.0
13431,766150.0
13432,689580.0
13433,1832610.0
13434,2664015.0
13435,1702440.0
13436,669800.05
13437,717398.3333333335
13438,918780.0
13439,556215.0
13440,598835.0
13441,851290.0
13442,694245.0
13443,2075525.0
13444,1283040.0
13445,1300640.0
13446,621420.0
13447,1395470.0
13448,524410.0
13449,684225.0
13450,573080.0
13451,547660.5
13452,583805.0
13453,364985.0
13454,1199475.0
13455,1253880.0
13456,1009088.88
13457,700000.74
13458,655200.0
13459,713670.0
13460,1041490.0
13461,1032180.0
13462,963485.0
13463,1217320.0
13464,789350.0
13465,1790530.0
13466,3231310.0
13467,1734795.0
13468,3166685.0
13469,2074150.0
13470,2079340.0
13471,860335.0
13472,757552.0
13473,567610.0
13474,3053660.0
13475,640628.0
13476,649570.0
13477,566965.0
13478,612380.0
13479,952230.0
13480,709563.0
13481,1537390.0
13482,721247.0
13483,2649535.0
13484,1740670.0
13485,1557800.0
13486,507070.0
13487,732470.0
13488,404197.5
13489,1069510.0
13490,1997900.0
13491,1130580.0
13492,916564.0
13493,998045.0
13494,798640.0
13495,424700.0
13496,1424500.0
13497,1326890.0
13498,1101395.0
13499,1161850.0
13500,748392.0
13501,1433625.0
13502,1043000.0
13503,1730525.0
13504,967980.0
13505,979185.0
13506,874835.0
13507,1279815.0
13508,1027325.0
13509,1083445.0
13510,692540.0
13511,967190.0
13512,864035.0
13513,1033305.0
13514,1448370.0
13515,1850805.0
13516,1602360.0
13517,1023910.0
13518,2380780.0
13519,1179835.0
13520,555045.0
13521,2296140.0
13522,1377680.0
13523,2517360.0
13524,1308925.0
13525,948705.0
13526,609930.0
13527,1033635.02
13528,847651.0
13529,761170.0
13530,612147.5
13531,2056420.0
13532,806620.0
13533,1049395.0
13534,1061675.0
13535,1284700.0
13536,625825.0
13537,500535.0
13538,1530340.0
13539,901697.0
13540,527335.0
13541,1973360.0
13542,921640.0
13543,598670.0
13544,1603665.0
13545,498525.0
13546,454152.5
13547,743250.0
13548,603535.0
13549,710995.0
13550,613276.0
13551,668210.0
13552,610760.0
13553,2625604.0
13554,1686325.0
13555,2585892.0
13556,384456.0
13557,1632795.0
13558,1594115.0
13559,1254610.0
13560,1482148.0
13561,1396860.0
13562,1348775.0
13563,1260645.0
13564,582647.5
13565,1262020.0
13566,1210035.0
13567,1254450.0
13568,990870.0
13569,1235040.0
13570,990446.0
13571,1233470.0
13572,594780.0
13573,613830.0
13574,586290.0
13575,1245975.0
13576,1081715.0
13577,1308385.0
13578,2440030.0
13579,1205240.0
